time_s,E_lag0.00,E_lag0.50,E_lag1.00,S_lag0.00,S_lag0.50,S_lag1.00,C_lag0.00,C_lag0.50,C_lag1.00,y,xhat_QCI,split
1.998000,-0.276183,0.278380,-0.720889,-0.614106,-0.465199,-0.396044,-1.082417,-1.017024,-1.090882,-0.322926,-0.322373,train
2.498000,-0.112424,0.660175,-0.660889,-0.276183,0.278380,-0.720889,-0.614106,-0.465199,-0.396044,-0.306691,-0.306598,train
2.998000,-0.529538,0.559373,-0.524765,-0.112424,0.660175,-0.660889,-0.276183,0.278380,-0.720889,-0.352908,-0.352811,train
3.498000,-1.623778,-0.290581,-1.912296,-0.529538,0.559373,-0.524765,-0.112424,0.660175,-0.660889,-1.548391,-1.543202,train
3.998000,-0.047150,0.563776,-0.045672,-1.623778,-0.290581,-1.912296,-0.529538,0.559373,-0.524765,0.017400,0.010343,train
4.498000,0.263283,1.163448,-1.057743,-0.047150,0.563776,-0.045672,-1.623778,-0.290581,-1.912296,0.762290,0.761044,train
4.998000,0.269622,0.566131,-0.919413,0.263283,1.163448,-1.057743,-0.047150,0.563776,-0.045672,0.734926,0.733685,train
5.498000,-0.207187,0.277501,-1.339669,0.269622,0.566131,-0.919413,0.263283,1.163448,-1.057743,0.459397,0.459440,train
5.998000,0.057576,0.460782,1.981068,-0.207187,0.277501,-1.339669,0.269622,0.566131,-0.919413,0.131115,0.132238,train
6.498000,0.181851,1.148316,1.632972,0.057576,0.460782,1.981068,-0.207187,0.277501,-1.339669,0.661010,0.659029,train
6.998000,-0.291879,0.334117,1.193175,0.181851,1.148316,1.632972,0.057576,0.460782,1.981068,0.654458,0.653323,train
7.498000,-1.127927,-0.791942,0.221065,-0.291879,0.334117,1.193175,0.181851,1.148316,1.632972,0.260883,0.260423,train
7.998000,-1.352009,-0.136715,0.417488,-1.127927,-0.791942,0.221065,-0.291879,0.334117,1.193175,-0.981832,-0.976990,train
8.498000,-0.442796,0.790204,1.169225,-1.352009,-0.136715,0.417488,-1.127927,-0.791942,0.221065,-0.560193,-0.560746,train
8.998000,-0.598502,1.108124,0.235244,-0.442796,0.790204,1.169225,-1.352009,-0.136715,0.417488,-1.130922,-1.127661,train
9.498000,-1.123040,0.362878,-0.577977,-0.598502,1.108124,0.235244,-0.442796,0.790204,1.169225,-1.703164,-1.700598,train
9.998000,-1.026498,0.420255,-0.480250,-1.123040,0.362878,-0.577977,-0.598502,1.108124,0.235244,-1.194972,-1.196725,train
10.498000,-0.202490,0.763756,0.746817,-1.026498,0.420255,-0.480250,-1.123040,0.362878,-0.577977,-0.689843,-0.690508,train
10.998000,0.710439,0.920988,1.405879,-0.202490,0.763756,0.746817,-1.026498,0.420255,-0.480250,0.340703,0.337186,train
11.498000,1.122554,0.557637,-1.333779,0.710439,0.920988,1.405879,-0.202490,0.763756,0.746817,1.380139,1.375331,train
11.998000,1.009651,0.625103,-0.528370,1.122554,0.557637,-1.333779,0.710439,0.920988,1.405879,1.288622,1.287735,train
12.498000,1.256349,0.516721,-0.172117,1.009651,0.625103,-0.528370,1.122554,0.557637,-1.333779,1.336026,1.335102,train
12.998000,0.954869,0.891789,1.389589,1.256349,0.516721,-0.172117,1.009651,0.625103,-0.528370,0.866412,0.867754,train
13.498000,0.523161,1.084596,0.773498,0.954869,0.891789,1.389589,1.256349,0.516721,-0.172117,0.149156,0.151782,train
13.998000,0.098956,1.046147,0.368266,0.523161,1.084596,0.773498,0.954869,0.891789,1.389589,0.396040,0.393935,train
14.498000,0.488917,0.925399,-0.547106,0.098956,1.046147,0.368266,0.523161,1.084596,0.773498,0.389892,0.388713,train
14.998000,1.192963,1.038299,-0.096060,0.488917,0.925399,-0.547106,0.098956,1.046147,0.368266,0.970086,0.967242,train
15.498000,1.056399,1.040907,-0.582247,1.192963,1.038299,-0.096060,0.488917,0.925399,-0.547106,0.332246,0.335278,train
15.998000,0.687253,0.751951,-0.821156,1.056399,1.040907,-0.582247,1.192963,1.038299,-0.096060,0.217764,0.218084,train
16.498000,0.567226,1.039539,-1.094733,0.687253,0.751951,-0.821156,1.056399,1.040907,-0.582247,0.006668,0.007394,train
16.998000,0.122962,0.047055,0.452857,0.567226,1.039539,-1.094733,0.687253,0.751951,-0.821156,-0.172515,-0.171212,train
17.498000,-0.189054,-0.397598,1.594674,0.122962,0.047055,0.452857,0.567226,1.039539,-1.094733,-0.393960,-0.393200,train
17.998000,-0.375363,-0.975071,0.039767,-0.189054,-0.397598,1.594674,0.122962,0.047055,0.452857,-0.381733,-0.380862,train
18.498000,-0.058928,-0.178925,-0.184946,-0.375363,-0.975071,0.039767,-0.189054,-0.397598,1.594674,0.056916,0.055154,train
18.998000,0.132145,-0.185198,0.246833,-0.058928,-0.178925,-0.184946,-0.375363,-0.975071,0.039767,0.087901,0.088532,train
19.498000,-0.213654,-1.121302,1.321485,0.132145,-0.185198,0.246833,-0.058928,-0.178925,-0.184946,-0.479878,-0.477725,train
19.998000,-0.503253,-2.135230,1.319869,-0.213654,-1.121302,1.321485,0.132145,-0.185198,0.246833,-1.143151,-1.139815,train
20.498000,-0.705883,-1.288199,-0.326997,-0.503253,-2.135230,1.319869,-0.213654,-1.121302,1.321485,0.001073,-0.002673,train
20.998000,0.141382,0.975961,0.506635,-0.705883,-1.288199,-0.326997,-0.503253,-2.135230,1.319869,0.139456,0.139245,train
21.498000,0.216455,1.178332,0.848907,0.141382,0.975961,0.506635,-0.705883,-1.288199,-0.326997,0.260801,0.260286,train
21.998000,0.201798,0.851198,-0.031775,0.216455,1.178332,0.848907,0.141382,0.975961,0.506635,-0.618353,-0.616540,train
22.498000,0.088794,0.520318,0.654290,0.201798,0.851198,-0.031775,0.216455,1.178332,0.848907,-1.043166,-1.040796,train
22.998000,0.057867,0.368827,0.761965,0.088794,0.520318,0.654290,0.201798,0.851198,-0.031775,-0.779030,-0.778883,train
23.498000,-0.001265,0.117568,1.230163,0.057867,0.368827,0.761965,0.088794,0.520318,0.654290,-0.462577,-0.463020,train
23.998000,-0.675811,-0.382756,0.376049,-0.001265,0.117568,1.230163,0.057867,0.368827,0.761965,-0.334285,-0.334424,train
24.498000,-0.595928,-0.973974,-0.627253,-0.675811,-0.382756,0.376049,-0.001265,0.117568,1.230163,-1.162062,-1.158595,train
24.998000,-0.772893,-0.926888,-0.651385,-0.595928,-0.973974,-0.627253,-0.675811,-0.382756,0.376049,-1.407925,-1.405146,train
25.498000,-0.757289,-1.188886,-0.627003,-0.772893,-0.926888,-0.651385,-0.595928,-0.973974,-0.627253,-0.887806,-0.888319,train
25.998000,-1.063484,-0.893272,-0.753064,-0.757289,-1.188886,-0.627003,-0.772893,-0.926888,-0.651385,-0.116414,-0.119155,train
26.498000,-0.478603,-0.542420,0.166149,-1.063484,-0.893272,-0.753064,-0.757289,-1.188886,-0.627003,0.164847,0.163393,train
26.998000,-0.445793,-0.053221,0.008717,-0.478603,-0.542420,0.166149,-1.063484,-0.893272,-0.753064,0.063905,0.064400,train
27.498000,-1.426884,-1.033901,-0.781274,-0.445793,-0.053221,0.008717,-0.478603,-0.542420,0.166149,-0.679840,-0.676845,train
27.998000,-2.320188,-1.290053,-1.787507,-1.426884,-1.033901,-0.781274,-0.445793,-0.053221,0.008717,-1.125664,-1.124598,train
28.498000,-2.311945,-1.726253,-0.388267,-2.320188,-1.290053,-1.787507,-1.426884,-1.033901,-0.781274,-1.228321,-1.227154,train
28.998000,0.033318,-1.481082,1.443095,-2.311945,-1.726253,-0.388267,-2.320188,-1.290053,-1.787507,-1.331275,-1.329700,train
29.498000,-0.154748,-0.996949,1.669038,0.033318,-1.481082,1.443095,-2.311945,-1.726253,-0.388267,-1.329058,-1.324926,train
29.998000,1.195810,0.262596,1.810224,-0.154748,-0.996949,1.669038,0.033318,-1.481082,1.443095,1.308953,1.297606,train
30.498000,1.028624,1.049051,1.384282,1.195810,0.262596,1.810224,-0.154748,-0.996949,1.669038,0.965417,0.966495,train
30.998000,1.278693,0.659842,0.941044,1.028624,1.049051,1.384282,1.195810,0.262596,1.810224,1.205516,1.202144,train
31.498000,0.564584,0.759031,-0.404430,1.278693,0.659842,0.941044,1.028624,1.049051,1.384282,0.067834,0.071501,train
31.998000,0.507341,0.397342,0.799002,0.564584,0.759031,-0.404430,1.278693,0.659842,0.941044,0.537618,0.535128,train
32.498000,-0.150284,1.424924,0.778977,0.507341,0.397342,0.799002,0.564584,0.759031,-0.404430,0.322095,0.322537,train
32.998000,-0.532590,0.648189,0.354714,-0.150284,1.424924,0.778977,0.507341,0.397342,0.799002,-0.072441,-0.071414,train
33.498000,-1.701258,-1.402033,0.223061,-0.532590,0.648189,0.354714,-0.150284,1.424924,0.778977,-1.006421,-1.003678,train
33.998000,0.574059,-0.465897,1.941860,-1.701258,-1.402033,0.223061,-0.532590,0.648189,0.354714,1.286420,1.275603,train
34.498000,0.518508,-0.492679,0.960646,0.574059,-0.465897,1.941860,-1.701258,-1.402033,0.223061,1.075473,1.078897,train
34.998000,1.249681,0.105707,0.476363,0.518508,-0.492679,0.960646,0.574059,-0.465897,1.941860,1.305380,1.302129,train
35.498000,-0.220559,-0.053756,-1.548180,1.249681,0.105707,0.476363,0.518508,-0.492679,0.960646,-0.216204,-0.209490,train
35.998000,0.956555,-0.167200,0.621464,-0.220559,-0.053756,-1.548180,1.249681,0.105707,0.476363,1.215662,1.207291,train
36.498000,1.717311,-0.240105,1.528271,0.956555,-0.167200,0.621464,-0.220559,-0.053756,-1.548180,1.708165,1.706131,train
36.998000,1.753342,-0.067595,1.898589,1.717311,-0.240105,1.528271,0.956555,-0.167200,0.621464,1.738865,1.738082,train
37.498000,1.806534,0.179000,1.873291,1.753342,-0.067595,1.898589,1.717311,-0.240105,1.528271,1.672132,1.671052,train
37.998000,1.115476,0.540438,0.991410,1.806534,0.179000,1.873291,1.753342,-0.067595,1.898589,1.522148,1.521284,train
38.498000,1.034809,0.601673,-0.116842,1.115476,0.540438,0.991410,1.806534,0.179000,1.873291,1.051033,1.050863,train
38.998000,1.540788,0.622336,1.198140,1.034809,0.601673,-0.116842,1.115476,0.540438,0.991410,1.272728,1.270291,train
39.498000,1.937832,0.079242,0.975324,1.540788,0.622336,1.198140,1.034809,0.601673,-0.116842,1.649678,1.647371,train
39.998000,1.966082,0.073810,0.985541,1.937832,0.079242,0.975324,1.540788,0.622336,1.198140,1.604393,1.603540,train
40.498000,1.642973,0.574041,1.174182,1.966082,0.073810,0.985541,1.937832,0.079242,0.975324,1.639883,1.639035,train
40.998000,0.334655,0.922340,-1.185615,1.642973,0.574041,1.174182,1.966082,0.073810,0.985541,0.690420,0.693291,train
41.498000,-0.304379,0.070344,-2.034295,0.334655,0.922340,-1.185615,1.642973,0.574041,1.174182,0.600738,0.598762,train
41.998000,1.580138,-0.456999,0.489907,-0.304379,0.070344,-2.034295,0.334655,0.922340,-1.185615,1.366734,1.361505,train
42.498000,1.723696,-0.419299,0.245811,1.580138,-0.456999,0.489907,-0.304379,0.070344,-2.034295,1.605570,1.606080,train
42.998000,1.798587,-0.173307,-0.077645,1.723696,-0.419299,0.245811,1.580138,-0.456999,0.489907,1.588839,1.588346,train
43.498000,1.189741,0.531248,0.165484,1.798587,-0.173307,-0.077645,1.723696,-0.419299,0.245811,1.575907,1.574943,train
43.998000,0.885761,1.028759,-0.464212,1.189741,0.531248,0.165484,1.798587,-0.173307,-0.077645,0.606604,0.609194,train
44.498000,0.521975,1.024319,-0.704063,0.885761,1.028759,-0.464212,1.189741,0.531248,0.165484,0.708619,0.706883,train
44.998000,0.409212,1.101244,-1.456665,0.521975,1.024319,-0.704063,0.885761,1.028759,-0.464212,0.426476,0.426419,train
45.498000,-0.476093,0.700443,-1.791328,0.409212,1.101244,-1.456665,0.521975,1.024319,-0.704063,-0.253017,-0.250228,train
45.998000,-0.527398,0.519989,-1.288333,-0.476093,0.700443,-1.791328,0.409212,1.101244,-1.456665,-1.149611,-1.145952,train
46.498000,-1.015818,0.052272,-0.010584,-0.527398,0.519989,-1.288333,-0.476093,0.700443,-1.791328,-1.203648,-1.201733,train
46.998000,-1.123173,-0.358626,0.496035,-1.015818,0.052272,-0.010584,-0.527398,0.519989,-1.288333,-1.406990,-1.405137,train
47.498000,-1.402524,-0.900647,0.961999,-1.123173,-0.358626,0.496035,-1.015818,0.052272,-0.010584,-1.121124,-1.120988,train
47.998000,-1.276681,-1.643631,0.607019,-1.402524,-0.900647,0.961999,-1.123173,-0.358626,0.496035,-1.171114,-1.170085,train
48.498000,-1.170788,-1.800787,0.013701,-1.276681,-1.643631,0.607019,-1.402524,-0.900647,0.961999,-1.179410,-1.178030,train
48.998000,-0.555674,-0.940336,-0.182697,-1.170788,-1.800787,0.013701,-1.276681,-1.643631,0.607019,-0.718251,-0.718713,train
49.498000,0.471529,0.039575,0.267688,-0.555674,-0.940336,-0.182697,-1.170788,-1.800787,0.013701,-0.075260,-0.076842,train
49.998000,0.398067,0.359743,0.073041,0.471529,0.039575,0.267688,-0.555674,-0.940336,-0.182697,-0.006117,-0.005924,train
50.498000,-0.119460,-0.203827,0.261560,0.398067,0.359743,0.073041,0.471529,0.039575,0.267688,0.202272,0.200517,train
50.998000,-0.846489,-0.465645,-0.117250,-0.119460,-0.203827,0.261560,0.398067,0.359743,0.073041,-0.235554,-0.234536,train
51.498000,-0.856758,-0.969687,-0.887680,-0.846489,-0.465645,-0.117250,-0.119460,-0.203827,0.261560,-0.083467,-0.084395,train
51.998000,-0.967453,-0.312946,-0.466048,-0.856758,-0.969687,-0.887680,-0.846489,-0.465645,-0.117250,-0.796111,-0.792747,train
52.498000,-0.493017,0.534005,0.364445,-0.967453,-0.312946,-0.466048,-0.856758,-0.969687,-0.887680,-0.542625,-0.542682,train
52.998000,-0.057552,0.916818,1.270671,-0.493017,0.534005,0.364445,-0.967453,-0.312946,-0.466048,0.207922,0.204713,train
53.498000,-0.264021,0.823835,1.111027,-0.057552,0.916818,1.270671,-0.493017,0.534005,0.364445,0.100731,0.100424,train
53.998000,-0.527779,0.976912,0.312570,-0.264021,0.823835,1.111027,-0.057552,0.916818,1.270671,0.379640,0.377247,train
54.498000,-0.852199,1.533269,-0.123337,-0.527779,0.976912,0.312570,-0.264021,0.823835,1.111027,-0.146724,-0.145364,train
54.998000,-0.166579,1.788510,0.081809,-0.852199,1.533269,-0.123337,-0.527779,0.976912,0.312570,0.022402,0.020817,train
55.498000,0.083991,1.191432,0.494019,-0.166579,1.788510,0.081809,-0.852199,1.533269,-0.123337,-0.168660,-0.167991,train
55.998000,-0.150275,0.274534,0.516370,0.083991,1.191432,0.494019,-0.166579,1.788510,0.081809,-0.378726,-0.377764,train
56.498000,0.020877,0.982391,0.085025,-0.150275,0.274534,0.516370,0.083991,1.191432,0.494019,0.226150,0.223773,train
56.998000,0.781334,1.455162,-0.427022,0.020877,0.982391,0.085025,-0.150275,0.274534,0.516370,1.025036,1.021805,train
57.498000,1.853218,0.305329,0.282542,0.781334,1.455162,-0.427022,0.020877,0.982391,0.085025,1.742731,1.738299,train
57.998000,2.236664,-0.863818,0.820268,1.853218,0.305329,0.282542,0.781334,1.455162,-0.427022,2.037887,2.035560,train
58.498000,2.275689,-1.012637,1.681909,2.236664,-0.863818,0.820268,1.853218,0.305329,0.282542,2.088744,2.088313,train
58.998000,2.068658,-0.303425,1.364820,2.275689,-1.012637,1.681909,2.236664,-0.863818,0.820268,1.823906,1.824748,train
59.498000,1.534771,0.539347,0.535891,2.068658,-0.303425,1.364820,2.275689,-1.012637,1.681909,1.501244,1.501379,train
59.998000,1.390449,0.591541,0.080752,1.534771,0.539347,0.535891,2.068658,-0.303425,1.364820,1.423546,1.421609,train
60.498000,1.428826,0.528775,-0.796407,1.390449,0.591541,0.080752,1.534771,0.539347,0.535891,1.289425,1.287988,train
60.998000,1.586603,-0.115731,-0.931973,1.428826,0.528775,-0.796407,1.390449,0.591541,0.080752,1.398564,1.397058,train
61.498000,0.828487,-0.185783,-1.177849,1.586603,-0.115731,-0.931973,1.428826,0.528775,-0.796407,1.134309,1.134857,train
61.998000,0.871875,-0.062260,0.747508,0.828487,-0.185783,-1.177849,1.586603,-0.115731,-0.931973,1.296773,1.295165,train
62.498000,0.360104,0.057372,0.633028,0.871875,-0.062260,0.747508,0.828487,-0.185783,-1.177849,0.769130,0.770790,train
62.998000,0.919978,0.565569,-2.168867,0.360104,0.057372,0.633028,0.871875,-0.062260,0.747508,0.768909,0.767534,train
63.498000,0.778361,0.462141,-2.162982,0.919978,0.565569,-2.168867,0.360104,0.057372,0.633028,0.877829,0.877041,train
63.998000,0.500656,0.672958,-0.785757,0.778361,0.462141,-2.162982,0.919978,0.565569,-2.168867,0.846700,0.845882,train
64.498000,-0.042079,0.126119,1.030492,0.500656,0.672958,-0.785757,0.778361,0.462141,-2.162982,-0.115393,-0.111459,train
64.998000,-0.608934,-0.128775,1.039547,-0.042079,0.126119,1.030492,0.500656,0.672958,-0.785757,-1.147044,-1.142602,train
65.498000,-0.930778,-1.038194,1.096416,-0.608934,-0.128775,1.039547,-0.042079,0.126119,1.030492,-1.154260,-1.153273,train
65.998000,-0.735141,-0.626151,0.683141,-0.930778,-1.038194,1.096416,-0.608934,-0.128775,1.039547,-0.733581,-0.734802,train
66.498000,-0.237954,-0.773851,0.425047,-0.735141,-0.626151,0.683141,-0.930778,-1.038194,1.096416,-0.867016,-0.864947,train
66.998000,0.327690,-1.373534,1.465149,-0.237954,-0.773851,0.425047,-0.735141,-0.626151,0.683141,0.779658,0.772808,train
67.498000,-0.088751,-2.117385,0.380286,0.327690,-1.373534,1.465149,-0.237954,-0.773851,0.425047,0.753014,0.752939,train
67.998000,-0.832026,-1.287408,0.818630,-0.088751,-2.117385,0.380286,0.327690,-1.373534,1.465149,0.588813,0.588772,train
68.498000,-1.772524,-1.212662,0.040524,-0.832026,-1.287408,0.818630,-0.088751,-2.117385,0.380286,-1.272131,-1.264142,train
68.998000,-1.482084,-0.769060,-0.875195,-1.772524,-1.212662,0.040524,-0.832026,-1.287408,0.818630,-0.839784,-0.842537,train
69.498000,-1.174694,-0.792460,-1.408855,-1.482084,-0.769060,-0.875195,-1.772524,-1.212662,0.040524,-0.252489,-0.254646,train
69.998000,-1.373630,-1.788208,0.035877,-1.174694,-0.792460,-1.408855,-1.482084,-0.769060,-0.875195,-0.939847,-0.936755,train
70.498000,-0.175685,-1.716952,-0.000979,-1.373630,-1.788208,0.035877,-1.174694,-0.792460,-1.408855,-0.674068,-0.674633,train
70.998000,0.544497,-0.605209,-0.108905,-0.175685,-1.716952,-0.000979,-1.373630,-1.788208,0.035877,0.039613,0.039004,train
71.498000,1.320406,0.496774,-0.243653,0.544497,-0.605209,-0.108905,-0.175685,-1.716952,-0.000979,0.703279,0.701077,train
71.998000,1.211623,1.351835,0.054261,1.320406,0.496774,-0.243653,0.544497,-0.605209,-0.108905,0.769287,0.768481,train
72.498000,0.627494,1.613793,-0.361594,1.211623,1.351835,0.054261,1.320406,0.496774,-0.243653,0.002601,0.004797,train
72.998000,-1.722160,-0.518402,-1.322029,0.627494,1.613793,-0.361594,1.211623,1.351835,0.054261,-2.291997,-2.282237,train
73.498000,-1.919100,-1.864341,-0.725103,-1.722160,-0.518402,-1.322029,0.627494,1.613793,-0.361594,-1.693261,-1.696352,train
73.998000,-0.838170,-1.850115,0.476113,-1.919100,-1.864341,-0.725103,-1.722160,-0.518402,-1.322029,-1.260630,-1.259559,train
74.498000,-0.425306,-2.019045,0.643980,-0.838170,-1.850115,0.476113,-1.919100,-1.864341,-0.725103,-0.222558,-0.223950,train
74.998000,-0.901402,-2.296460,0.697312,-0.425306,-2.019045,0.643980,-0.838170,-1.850115,0.476113,-0.457086,-0.455441,train
75.498000,-1.823903,-2.487612,0.201970,-0.901402,-2.296460,0.697312,-0.425306,-2.019045,0.643980,-0.684695,-0.683557,train
75.998000,-1.113136,-1.539705,1.245030,-1.823903,-2.487612,0.201970,-0.901402,-2.296460,0.697312,-0.060365,-0.063647,train
76.498000,-0.360162,0.215606,0.215389,-1.113136,-1.539705,1.245030,-1.823903,-2.487612,0.201970,0.470646,0.468699,train
76.998000,-0.372961,-0.078720,0.032452,-0.360162,0.215606,0.215389,-1.113136,-1.539705,1.245030,0.463478,0.462534,train
77.498000,-0.822024,-0.626409,-0.548140,-0.372961,-0.078720,0.032452,-0.360162,0.215606,0.215389,-0.035583,-0.035567,train
77.998000,-0.939096,-1.073493,-0.527121,-0.822024,-0.626409,-0.548140,-0.372961,-0.078720,0.032452,-0.493372,-0.491645,train
78.498000,-1.307367,-1.713196,-1.487880,-0.939096,-1.073493,-0.527121,-0.822024,-0.626409,-0.548140,-0.749678,-0.747750,train
78.998000,-2.021555,-2.199212,-1.805290,-1.307367,-1.713196,-1.487880,-0.939096,-1.073493,-0.527121,-1.251711,-1.248719,train
79.498000,-1.244067,-1.789684,-0.145517,-2.021555,-2.199212,-1.805290,-1.307367,-1.713196,-1.487880,-0.856843,-0.857683,train
79.998000,-0.741049,-0.879181,1.225493,-1.244067,-1.789684,-0.145517,-2.021555,-2.199212,-1.805290,-0.630654,-0.629655,train
80.498000,-0.130566,0.400580,0.722763,-0.741049,-0.879181,1.225493,-1.244067,-1.789684,-0.145517,-0.125428,-0.127106,train
80.998000,-0.087713,0.156608,0.496134,-0.130566,0.400580,0.722763,-0.741049,-0.879181,1.225493,-0.389788,-0.388853,train
81.498000,-0.205469,0.027419,-0.336843,-0.087713,0.156608,0.496134,-0.130566,0.400580,0.722763,-0.443091,-0.443664,train
81.998000,-0.396688,-0.042193,0.726041,-0.205469,0.027419,-0.336843,-0.087713,0.156608,0.496134,-0.929280,-0.926529,train
82.498000,-0.888596,0.089536,-1.185179,-0.396688,-0.042193,0.726041,-0.205469,0.027419,-0.336843,-0.766947,-0.766758,train
82.998000,-0.353706,0.880378,-1.243973,-0.888596,0.089536,-1.185179,-0.396688,-0.042193,0.726041,-0.310565,-0.312664,train
83.498000,-0.460955,0.700103,-1.191698,-0.353706,0.880378,-1.243973,-0.888596,0.089536,-1.185179,0.025998,0.025100,train
83.998000,-0.293584,0.742415,-0.177356,-0.460955,0.700103,-1.191698,-0.353706,0.880378,-1.243973,-0.324999,-0.324279,train
84.498000,-0.615230,0.005685,0.613931,-0.293584,0.742415,-0.177356,-0.460955,0.700103,-1.191698,-0.304349,-0.303797,train
84.998000,0.371455,0.444309,0.199216,-0.615230,0.005685,0.613931,-0.293584,0.742415,-0.177356,0.399096,0.395486,train
85.498000,0.512639,0.518894,-0.979594,0.371455,0.444309,0.199216,-0.615230,0.005685,0.613931,0.373274,0.374398,train
85.998000,0.450741,0.821711,-1.321578,0.512639,0.518894,-0.979594,0.371455,0.444309,0.199216,0.177019,0.177377,train
86.498000,-0.435472,0.164544,-0.965556,0.450741,0.821711,-1.321578,0.512639,0.518894,-0.979594,-0.582283,-0.578711,train
86.998000,-1.163840,-0.152231,-1.183817,-0.435472,0.164544,-0.965556,0.450741,0.821711,-1.321578,-1.577470,-1.573110,train
87.498000,-1.630174,-1.090056,-1.637257,-1.163840,-0.152231,-1.183817,-0.435472,0.164544,-0.965556,-2.227432,-2.222857,train
87.998000,-1.127623,-1.291082,-2.920630,-1.630174,-1.090056,-1.637257,-1.163840,-0.152231,-1.183817,-1.565972,-1.567053,train
88.498000,-0.973279,-1.261604,-1.388041,-1.127623,-1.291082,-2.920630,-1.630174,-1.090056,-1.637257,-0.295660,-0.298696,train
88.998000,0.204145,-0.102957,-0.857535,-0.973279,-1.261604,-1.388041,-1.127623,-1.291082,-2.920630,0.065858,0.064982,train
89.498000,-0.287280,-0.117511,0.216994,0.204145,-0.102957,-0.857535,-0.973279,-1.261604,-1.388041,-0.409031,-0.405475,train
89.998000,-1.835626,-1.927395,-0.770166,-0.287280,-0.117511,0.216994,0.204145,-0.102957,-0.857535,-1.595894,-1.591159,train
90.498000,-2.191737,-1.424558,-2.634745,-1.835626,-1.927395,-0.770166,-0.287280,-0.117511,0.216994,-2.048934,-2.046955,train
90.998000,-1.375072,-0.682348,-0.793217,-2.191737,-1.424558,-2.634745,-1.835626,-1.927395,-0.770166,-0.142815,-0.148711,train
91.498000,-0.552284,0.430801,-0.214872,-1.375072,-0.682348,-0.793217,-2.191737,-1.424558,-2.634745,0.093663,0.092878,train
91.998000,-0.445798,0.171534,-0.025884,-0.552284,0.430801,-0.214872,-1.375072,-0.682348,-0.793217,0.216160,0.215425,train
92.498000,-0.588932,-0.174349,0.146949,-0.445798,0.171534,-0.025884,-0.552284,0.430801,-0.214872,-0.510229,-0.508178,train
92.998000,-0.914666,0.936602,-1.179897,-0.588932,-0.174349,0.146949,-0.445798,0.171534,-0.025884,-0.840194,-0.838195,train
93.498000,-0.909314,1.313248,-0.571662,-0.914666,0.936602,-1.179897,-0.588932,-0.174349,0.146949,-0.865004,-0.864254,train
93.998000,-1.315004,0.680470,0.591634,-0.909314,1.313248,-0.571662,-0.914666,0.936602,-1.179897,-0.900522,-0.900631,train
94.498000,-1.358860,-0.286774,0.069531,-1.315004,0.680470,0.591634,-0.909314,1.313248,-0.571662,-1.241476,-1.240128,train
94.998000,-1.746876,-0.252835,-1.418655,-1.358860,-0.286774,0.069531,-1.315004,0.680470,0.591634,-1.260519,-1.259243,train
95.498000,-1.222092,0.441601,-0.860637,-1.746876,-0.252835,-1.418655,-1.358860,-0.286774,0.069531,-1.448133,-1.445984,train
95.998000,-1.440453,-0.759864,-0.061368,-1.222092,0.441601,-0.860637,-1.746876,-0.252835,-1.418655,-0.885157,-0.885992,train
96.498000,-1.303462,-0.998798,0.389755,-1.440453,-0.759864,-0.061368,-1.222092,0.441601,-0.860637,-0.460057,-0.462384,train
96.998000,-1.319435,-1.500403,0.997043,-1.303462,-0.998798,0.389755,-1.440453,-0.759864,-0.061368,-0.381392,-0.380566,train
97.498000,-1.249663,-1.387706,0.466208,-1.319435,-1.500403,0.997043,-1.303462,-0.998798,0.389755,-0.490448,-0.489829,train
97.998000,-1.352668,-1.216297,-0.058716,-1.249663,-1.387706,0.466208,-1.319435,-1.500403,0.997043,-1.198736,-1.194856,train
98.498000,-1.465305,-1.080588,-0.369574,-1.352668,-1.216297,-0.058716,-1.249663,-1.387706,0.466208,-2.054579,-2.049787,train
98.998000,-1.569364,-1.333136,-0.266183,-1.465305,-1.080588,-0.369574,-1.352668,-1.216297,-0.058716,-1.711793,-1.711686,train
99.498000,-1.575419,-1.724817,-0.549141,-1.569364,-1.333136,-0.266183,-1.465305,-1.080588,-0.369574,-1.494169,-1.493876,train
99.998000,0.717858,-0.431269,1.334457,-1.575419,-1.724817,-0.549141,-1.569364,-1.333136,-0.266183,0.871412,0.861711,train
100.498000,0.952324,0.720749,1.093160,0.717858,-0.431269,1.334457,-1.575419,-1.724817,-0.549141,1.012276,1.013338,train
100.998000,1.204910,1.215971,1.202394,0.952324,0.720749,1.093160,0.717858,-0.431269,1.334457,1.140080,1.137600,train
101.498000,0.117992,0.930934,-0.014178,1.204910,1.215971,1.202394,0.952324,0.720749,1.093160,0.353607,0.355436,train
101.998000,-0.059035,0.362331,0.683402,0.117992,0.930934,-0.014178,1.204910,1.215971,1.202394,0.006941,0.006569,train
102.498000,-1.052135,-0.624605,0.153577,-0.059035,0.362331,0.683402,0.117992,0.930934,-0.014178,-1.110399,-1.105158,train
102.998000,-0.222382,-0.234240,0.430527,-1.052135,-0.624605,0.153577,-0.059035,0.362331,0.683402,-0.670337,-0.672010,train
103.498000,0.026086,-0.283967,0.308734,-0.222382,-0.234240,0.430527,-1.052135,-0.624605,0.153577,0.017999,0.017016,train
103.998000,0.107019,0.538327,-0.462583,0.026086,-0.283967,0.308734,-0.222382,-0.234240,0.430527,-0.046542,-0.046437,train
104.498000,-0.102320,0.853375,-0.701484,0.107019,0.538327,-0.462583,0.026086,-0.283967,0.308734,-0.220382,-0.219358,train
104.998000,-0.444883,1.102274,-1.399232,-0.102320,0.853375,-0.701484,0.107019,0.538327,-0.462583,-0.884362,-0.881878,train
105.498000,-0.671908,0.139459,-1.443700,-0.444883,1.102274,-1.399232,-0.102320,0.853375,-0.701484,-1.363278,-1.360693,train
105.998000,-0.749326,-0.235500,-0.128896,-0.671908,0.139459,-1.443700,-0.444883,1.102274,-1.399232,-1.318383,-1.317578,train
106.498000,-0.278641,-0.101697,-0.159933,-0.749326,-0.235500,-0.128896,-0.671908,0.139459,-1.443700,-0.776657,-0.776985,train
106.998000,-0.162464,0.606446,-0.206472,-0.278641,-0.101697,-0.159933,-0.749326,-0.235500,-0.128896,-0.697744,-0.696567,train
107.498000,0.334858,0.928344,1.066071,-0.162464,0.606446,-0.206472,-0.278641,-0.101697,-0.159933,-0.813380,-0.812051,train
107.998000,-0.701695,-0.337905,-0.622884,0.334858,0.928344,1.066071,-0.162464,0.606446,-0.206472,-1.522719,-1.518493,train
108.498000,-0.832965,-0.950470,-0.726037,-0.701695,-0.337905,-0.622884,0.334858,0.928344,1.066071,-1.947989,-1.945866,train
108.998000,-2.408814,-2.537738,-2.310832,-0.832965,-0.950470,-0.726037,-0.701695,-0.337905,-0.622884,-2.146605,-2.142557,train
109.498000,-2.168255,-2.478831,-0.802518,-2.408814,-2.537738,-2.310832,-0.832965,-0.950470,-0.726037,-1.882967,-1.883223,train
109.998000,-0.234841,-1.222832,0.450978,-2.168255,-2.478831,-0.802518,-2.408814,-2.537738,-2.310832,0.150575,0.144494,train
110.498000,0.400497,-0.155791,0.648539,-0.234841,-1.222832,0.450978,-2.168255,-2.478831,-0.802518,0.590672,0.590209,train
110.998000,1.195294,0.921175,1.119795,0.400497,-0.155791,0.648539,-0.234841,-1.222832,0.450978,1.158743,1.155020,train
111.498000,-0.081130,-0.588582,-0.563359,1.195294,0.921175,1.119795,0.400497,-0.155791,0.648539,0.168074,0.171527,train
111.998000,-1.486847,-1.767171,-0.444892,-0.081130,-0.588582,-0.563359,1.195294,0.921175,1.119795,-0.480769,-0.480188,train
112.498000,-2.102779,-2.361107,-0.013131,-1.486847,-1.767171,-0.444892,-0.081130,-0.588582,-0.563359,-1.218051,-1.214301,train
112.998000,0.051895,-1.110694,-0.071631,-2.102779,-2.361107,-0.013131,-1.486847,-1.767171,-0.444892,0.643148,0.635683,train
113.498000,0.831010,0.379022,-0.313284,0.051895,-1.110694,-0.071631,-2.102779,-2.361107,-0.013131,1.209802,1.208879,train
113.998000,1.172536,0.880314,0.116867,0.831010,0.379022,-0.313284,0.051895,-1.110694,-0.071631,0.967744,0.967500,train
114.498000,-0.121011,0.394535,0.022869,1.172536,0.880314,0.116867,0.831010,0.379022,-0.313284,-0.562644,-0.557048,train
114.998000,-1.313854,-0.424817,-0.811296,-0.121011,0.394535,0.022869,1.172536,0.880314,0.116867,-1.106870,-1.105251,train
115.498000,-1.394632,-0.787281,-0.208781,-1.313854,-0.424817,-0.811296,-0.121011,0.394535,0.022869,-1.512737,-1.510671,train
115.998000,-1.164057,-1.236191,-0.013163,-1.394632,-0.787281,-0.208781,-1.313854,-0.424817,-0.811296,-1.362364,-1.361061,train
116.498000,-1.149484,-0.982934,-0.116813,-1.164057,-1.236191,-0.013163,-1.394632,-0.787281,-0.208781,-0.873637,-0.874220,train
116.998000,-1.190191,-0.795187,-1.014505,-1.149484,-0.982934,-0.116813,-1.164057,-1.236191,-0.013163,-0.848421,-0.847465,train
117.498000,-1.512987,-1.445896,-0.887168,-1.190191,-0.795187,-1.014505,-1.149484,-0.982934,-0.116813,-0.994413,-0.993366,train
117.998000,-0.425990,-1.217937,-0.727648,-1.512987,-1.445896,-0.887168,-1.190191,-0.795187,-1.014505,-0.659995,-0.661239,train
118.498000,0.230342,-0.655548,-2.032352,-0.425990,-1.217937,-0.727648,-1.512987,-1.445896,-0.887168,-0.371985,-0.370998,train
118.998000,1.393414,0.981637,-2.508463,0.230342,-0.655548,-2.032352,-0.425990,-1.217937,-0.727648,0.505781,0.502781,train
119.498000,2.007510,0.003928,-1.458730,1.393414,0.981637,-2.508463,0.230342,-0.655548,-2.032352,1.901728,1.896010,train
119.998000,2.179776,-0.659407,0.378866,2.007510,0.003928,-1.458730,1.393414,0.981637,-2.508463,2.162272,2.159009,train
120.498000,2.169268,-0.623574,0.636906,2.179776,-0.659407,0.378866,2.007510,0.003928,-1.458730,2.190121,2.189630,train
120.998000,2.096484,-0.455465,0.853122,2.169268,-0.623574,0.636906,2.179776,-0.659407,0.378866,2.140788,2.140001,train
121.498000,2.138058,-0.603290,0.779405,2.096484,-0.455465,0.853122,2.169268,-0.623574,0.636906,2.205526,2.203519,train
121.998000,1.954154,-0.273053,0.756215,2.138058,-0.603290,0.779405,2.096484,-0.455465,0.853122,2.131286,2.129790,train
122.498000,1.861799,-0.196704,1.279675,1.954154,-0.273053,0.756215,2.138058,-0.603290,0.779405,2.021621,2.020428,train
122.998000,1.274203,0.323994,0.741664,1.861799,-0.196704,1.279675,1.954154,-0.273053,0.756215,1.754072,1.753332,train
123.498000,1.158968,0.364868,0.257202,1.274203,0.323994,0.741664,1.861799,-0.196704,1.279675,1.588670,1.587227,train
123.998000,0.880407,0.520831,0.330609,1.158968,0.364868,0.257202,1.274203,0.323994,0.741664,1.062369,1.062780,train
124.498000,0.591389,0.721656,0.122075,0.880407,0.520831,0.330609,1.158968,0.364868,0.257202,0.553491,0.554693,train
124.998000,0.285721,1.290396,0.102215,0.591389,0.721656,0.122075,0.880407,0.520831,0.330609,0.203394,0.204181,train
125.498000,0.471728,1.146256,-0.663932,0.285721,1.290396,0.102215,0.591389,0.721656,0.122075,0.656898,0.654118,train
125.998000,0.691060,1.134817,-0.354597,0.471728,1.146256,-0.663932,0.285721,1.290396,0.102215,0.739878,0.738370,train
126.498000,0.727252,0.991572,0.313245,0.691060,1.134817,-0.354597,0.471728,1.146256,-0.663932,0.720712,0.720491,train
126.998000,0.168037,0.682058,-0.497774,0.727252,0.991572,0.313245,0.691060,1.134817,-0.354597,-0.361616,-0.357074,train
127.498000,0.271019,0.768794,-0.550732,0.168037,0.682058,-0.497774,0.727252,0.991572,0.313245,0.172324,0.169828,train
127.998000,0.374511,0.776843,-0.827961,0.271019,0.768794,-0.550732,0.168037,0.682058,-0.497774,0.426062,0.425119,train
128.498000,0.602988,1.106913,-0.640700,0.374511,0.776843,-0.827961,0.271019,0.768794,-0.550732,0.583841,0.582750,train
128.998000,0.128684,1.015210,0.016874,0.602988,1.106913,-0.640700,0.374511,0.776843,-0.827961,0.230072,0.231531,train
129.498000,-0.476791,0.571440,-0.365716,0.128684,1.015210,0.016874,0.602988,1.106913,-0.640700,-0.258836,-0.257437,train
129.998000,1.422948,0.313238,2.294282,-0.476791,0.571440,-0.365716,0.128684,1.015210,0.016874,1.538036,1.529094,train
130.498000,1.305688,-0.095118,1.548876,1.422948,0.313238,2.294282,-0.476791,0.571440,-0.365716,1.555640,1.556221,train
130.998000,1.599538,-0.519135,1.429447,1.305688,-0.095118,1.548876,1.422948,0.313238,2.294282,1.725619,1.723269,train
131.498000,0.308946,-0.885544,0.547705,1.599538,-0.519135,1.429447,1.305688,-0.095118,1.548876,0.717973,0.721757,train
131.998000,0.236615,-0.207560,1.626063,0.308946,-0.885544,0.547705,1.599538,-0.519135,1.429447,0.492229,0.491777,train
132.498000,-0.586071,-1.894822,1.192105,0.236615,-0.207560,1.626063,0.308946,-0.885544,0.547705,0.542750,0.542327,train
132.998000,-0.575513,-2.351969,0.764288,-0.586071,-1.894822,1.192105,0.236615,-0.207560,1.626063,0.209625,0.208785,train
133.498000,-0.252450,-2.380369,0.492226,-0.575513,-2.351969,0.764288,-0.586071,-1.894822,1.192105,-0.180023,-0.177169,train
133.998000,-0.122281,-1.073965,0.749156,-0.252450,-2.380369,0.492226,-0.575513,-2.351969,0.764288,-0.774443,-0.770686,train
134.498000,-0.678554,-0.486045,-1.015250,-0.122281,-1.073965,0.749156,-0.252450,-2.380369,0.492226,-1.268001,-1.264417,train
134.998000,-0.499191,-0.058014,-0.950079,-0.678554,-0.486045,-1.015250,-0.122281,-1.073965,0.749156,-1.041094,-1.042513,train
135.498000,-0.897784,-0.160093,-1.493498,-0.499191,-0.058014,-0.950079,-0.678554,-0.486045,-1.015250,-0.943595,-0.943182,train
135.998000,-0.606764,-0.519547,0.396369,-0.897784,-0.160093,-1.493498,-0.499191,-0.058014,-0.950079,-0.732785,-0.733596,train
136.498000,-0.772294,-0.993534,-0.579979,-0.606764,-0.519547,0.396369,-0.897784,-0.160093,-1.493498,-0.907948,-0.905940,train
136.998000,-0.557019,-1.649617,0.116553,-0.772294,-0.993534,-0.579979,-0.606764,-0.519547,0.396369,-0.586579,-0.587183,train
137.498000,-0.558992,-1.674193,0.245798,-0.557019,-1.649617,0.116553,-0.772294,-0.993534,-0.579979,-0.780745,-0.778576,train
137.998000,-0.334324,-1.019443,0.876967,-0.558992,-1.674193,0.245798,-0.557019,-1.649617,0.116553,-0.138470,-0.140057,train
138.498000,-0.708086,-1.041903,0.598595,-0.334324,-1.019443,0.876967,-0.558992,-1.674193,0.245798,-0.474375,-0.472402,train
138.998000,-0.786577,-0.717739,0.154155,-0.708086,-1.041903,0.598595,-0.334324,-1.019443,0.876967,-0.553505,-0.553765,train
139.498000,-1.678212,-0.961732,-0.123324,-0.786577,-0.717739,0.154155,-0.708086,-1.041903,0.598595,-1.981609,-1.974562,train
139.998000,-2.184882,-1.095056,-0.344744,-1.678212,-0.961732,-0.123324,-0.786577,-0.717739,0.154155,-2.200537,-2.198801,train
140.498000,-1.916995,-1.043582,0.463431,-2.184882,-1.095056,-0.344744,-1.678212,-0.961732,-0.123324,-2.614174,-2.610632,train
140.998000,-1.285338,-0.317968,-1.246168,-1.916995,-1.043582,0.463431,-2.184882,-1.095056,-0.344744,-2.228619,-2.227658,train
141.498000,-0.883661,-0.155709,-2.025517,-1.285338,-0.317968,-1.246168,-1.916995,-1.043582,0.463431,-2.093644,-2.091693,train
141.998000,-0.972548,-0.089474,-2.709883,-0.883661,-0.155709,-2.025517,-1.285338,-0.317968,-1.246168,-1.854187,-1.853284,train
142.498000,-1.438850,-1.206762,-1.075446,-0.972548,-0.089474,-2.709883,-0.883661,-0.155709,-2.025517,-1.735252,-1.733902,train
142.998000,-2.428772,-3.001423,-1.001473,-1.438850,-1.206762,-1.075446,-0.972548,-0.089474,-2.709883,-2.073419,-2.070375,train
143.498000,-1.668029,-2.420763,-1.223166,-2.428772,-3.001423,-1.001473,-1.438850,-1.206762,-1.075446,-1.002260,-1.005443,train
143.998000,-0.588801,-1.342550,0.232496,-1.668029,-2.420763,-1.223166,-2.428772,-3.001423,-1.001473,-0.593442,-0.592240,train
144.498000,0.248167,-0.399938,0.615295,-0.588801,-1.342550,0.232496,-1.668029,-2.420763,-1.223166,-0.082702,-0.083813,train
144.998000,0.920064,0.553631,-0.160738,0.248167,-0.399938,0.615295,-0.588801,-1.342550,0.232496,0.464971,0.462448,train
145.498000,1.099833,1.078137,-1.404227,0.920064,0.553631,-0.160738,0.248167,-0.399938,0.615295,0.514435,0.513723,train
145.998000,0.089697,0.921752,-2.350822,1.099833,1.078137,-1.404227,0.920064,0.553631,-0.160738,-0.145453,-0.143174,train
146.498000,0.121144,0.903451,-1.859652,0.089697,0.921752,-2.350822,1.099833,1.078137,-1.404227,-0.240928,-0.241419,train
146.998000,0.018138,0.336573,-0.324741,0.121144,0.903451,-1.859652,0.089697,0.921752,-2.350822,-0.151047,-0.150698,train
147.498000,1.175671,0.054080,0.123200,0.018138,0.336573,-0.324741,0.121144,0.903451,-1.859652,1.611512,1.603487,train
147.998000,1.642058,-0.551776,1.163630,1.175671,0.054080,0.123200,0.018138,0.336573,-0.324741,1.888701,1.887392,train
148.498000,1.797283,-0.629609,1.260139,1.642058,-0.551776,1.163630,1.175671,0.054080,0.123200,1.866282,1.865469,train
148.998000,1.504704,-0.300310,0.281381,1.797283,-0.629609,1.260139,1.642058,-0.551776,1.163630,0.860768,0.864655,train
149.498000,0.082754,0.815518,-2.025828,1.504704,-0.300310,0.281381,1.797283,-0.629609,1.260139,-0.703344,-0.696546,train
149.998000,-0.327533,0.466968,-1.691828,0.082754,0.815518,-2.025828,1.504704,-0.300310,0.281381,-1.499884,-1.496622,train
150.498000,-0.445005,-0.056138,-2.701968,-0.327533,0.466968,-1.691828,0.082754,0.815518,-2.025828,-1.890240,-1.887801,train
150.998000,0.400488,0.001141,-1.057835,-0.445005,-0.056138,-2.701968,-0.327533,0.466968,-1.691828,0.726382,0.716501,train
151.498000,1.266545,0.223990,1.568874,0.400488,0.001141,-1.057835,-0.445005,-0.056138,-2.701968,1.858908,1.854408,train
151.998000,1.805102,0.361101,2.122511,1.266545,0.223990,1.568874,0.400488,0.001141,-1.057835,2.130570,2.128437,train
152.498000,1.631822,0.373244,1.687095,1.805102,0.361101,2.122511,1.266545,0.223990,1.568874,2.037642,2.036303,train
152.998000,1.472474,0.673069,1.706771,1.631822,0.373244,1.687095,1.805102,0.361101,2.122511,1.970338,1.968317,train
153.498000,1.123186,0.974287,1.054167,1.472474,0.673069,1.706771,1.631822,0.373244,1.687095,1.492763,1.492881,train
153.998000,1.196301,0.477477,0.807104,1.123186,0.974287,1.054167,1.472474,0.673069,1.706771,1.298127,1.296878,train
154.498000,1.381901,0.041232,0.762661,1.196301,0.477477,0.807104,1.123186,0.974287,1.054167,1.132167,1.131444,train
154.998000,1.448514,-0.372992,-0.076096,1.381901,0.041232,0.762661,1.196301,0.477477,0.807104,1.201955,1.201296,train
155.498000,1.542484,0.468870,0.482145,1.448514,-0.372992,-0.076096,1.381901,0.041232,0.762661,1.135291,1.135141,train
155.998000,1.192993,0.952981,-0.065080,1.542484,0.468870,0.482145,1.448514,-0.372992,-0.076096,0.171550,0.175971,train
156.498000,0.806249,0.639152,0.403860,1.192993,0.952981,-0.065080,1.542484,0.468870,0.482145,0.335782,0.334224,train
156.998000,0.528600,0.399285,-0.518737,0.806249,0.639152,0.403860,1.192993,0.952981,-0.065080,0.292768,0.292101,train
157.498000,0.483105,0.576527,0.425963,0.528600,0.399285,-0.518737,0.806249,0.639152,0.403860,0.926122,0.922924,train
157.998000,0.491760,1.068085,0.543466,0.483105,0.576527,0.425963,0.528600,0.399285,-0.518737,0.528179,0.529374,train
158.498000,0.961316,1.036439,0.021938,0.491760,1.068085,0.543466,0.483105,0.576527,0.425963,1.277834,1.273596,train
158.998000,1.048950,1.013579,-0.988779,0.961316,1.036439,0.021938,0.491760,1.068085,0.543466,1.170606,1.169725,train
159.498000,0.938794,1.390610,0.058670,1.048950,1.013579,-0.988779,0.961316,1.036439,0.021938,1.335635,1.333893,train
159.998000,0.776397,1.329601,-0.588865,0.938794,1.390610,0.058670,1.048950,1.013579,-0.988779,1.367514,1.366159,train
160.498000,0.511516,1.088472,-0.154921,0.776397,1.329601,-0.588865,0.938794,1.390610,0.058670,1.094355,1.093712,train
160.998000,0.557455,0.871922,1.129120,0.511516,1.088472,-0.154921,0.776397,1.329601,-0.588865,1.228894,1.226948,train
161.498000,1.569678,0.214977,1.375276,0.557455,0.871922,1.129120,0.511516,1.088472,-0.154921,1.757912,1.754319,train
161.998000,1.959964,-0.204282,0.780364,1.569678,0.214977,1.375276,0.557455,0.871922,1.129120,2.107550,2.105193,train
162.498000,1.901176,-0.038386,0.363914,1.959964,-0.204282,0.780364,1.569678,0.214977,1.375276,2.082737,2.079173,test
162.998000,1.436016,0.402778,-0.291680,1.901176,-0.038386,0.363914,1.959964,-0.204282,0.780364,1.719743,1.720057,test
163.498000,1.322887,0.482264,0.244038,1.436016,0.402778,-0.291680,1.901176,-0.038386,0.363914,1.537566,1.536471,test
163.998000,1.617012,-0.095501,0.596955,1.322887,0.482264,0.244038,1.436016,0.402778,-0.291680,1.739071,1.736411,test
164.498000,1.014080,0.114669,-0.010223,1.617012,-0.095501,0.596955,1.322887,0.482264,0.244038,1.305674,1.306442,test
164.998000,0.608382,0.059524,-0.716469,1.014080,0.114669,-0.010223,1.617012,-0.095501,0.596955,1.032343,1.032489,test
165.498000,-0.156436,-0.273461,-1.665885,0.608382,0.059524,-0.716469,1.014080,0.114669,-0.010223,0.316877,0.318791,test
165.998000,-0.789600,-1.944044,0.610920,-0.156436,-0.273461,-1.665885,0.608382,0.059524,-0.716469,0.199619,0.199279,test
166.498000,-1.059976,-2.163429,-0.760228,-0.789600,-1.944044,0.610920,-0.156436,-0.273461,-1.665885,0.386527,0.385132,test
166.998000,-1.418527,-2.067020,-3.617689,-1.059976,-2.163429,-0.760228,-0.789600,-1.944044,0.610920,-0.687229,-0.681721,test
167.498000,-0.097096,0.085941,-2.354004,-1.418527,-2.067020,-3.617689,-1.059976,-2.163429,-0.760228,0.002769,-0.000003,test
167.998000,0.197953,-0.293927,0.154854,-0.097096,0.085941,-2.354004,-1.418527,-2.067020,-3.617689,0.069942,0.071397,test
168.498000,0.310580,-0.131308,2.388591,0.197953,-0.293927,0.154854,-0.097096,0.085941,-2.354004,0.636767,0.632823,test
168.998000,-3.671322,-5.341339,0.796714,0.310580,-0.131308,2.388591,0.197953,-0.293927,0.154854,-2.611564,-2.596398,test
169.498000,1.217764,0.581569,2.475650,-3.671322,-5.341339,0.796714,0.310580,-0.131308,2.388591,0.310182,0.294153,test
169.998000,0.795185,1.490434,1.252902,1.217764,0.581569,2.475650,-3.671322,-5.341339,0.796714,0.029133,0.039612,test
170.498000,0.537377,1.471573,0.006251,0.795185,1.490434,1.252902,1.217764,0.581569,2.475650,-0.377821,-0.381520,test
170.998000,-0.304463,1.395114,-1.125250,0.537377,1.471573,0.006251,0.795185,1.490434,1.252902,-0.459895,-0.460210,test
171.498000,-0.753388,1.132852,-1.609520,-0.304463,1.395114,-1.125250,0.537377,1.471573,0.006251,-0.404403,-0.405098,test
171.998000,-0.237455,1.179926,0.124608,-0.753388,1.132852,-1.609520,-0.304463,1.395114,-1.125250,0.156815,0.154005,test
172.498000,0.140796,0.884877,0.547982,-0.237455,1.179926,0.124608,-0.753388,1.132852,-1.609520,0.241428,0.241472,test
172.998000,0.276024,1.041008,0.540454,0.140796,0.884877,0.547982,-0.237455,1.179926,0.124608,-0.008590,-0.007553,test
173.498000,0.381148,1.068536,1.386143,0.276024,1.041008,0.540454,0.140796,0.884877,0.547982,-0.577054,-0.574063,test
173.998000,0.402704,1.311861,0.885103,0.381148,1.068536,1.386143,0.276024,1.041008,0.540454,-0.358803,-0.359228,test
174.498000,0.476545,1.366012,0.328665,0.402704,1.311861,0.885103,0.381148,1.068536,1.386143,-0.347849,-0.347657,test
174.998000,-0.359172,1.492402,-0.800528,0.476545,1.366012,0.328665,0.402704,1.311861,0.885103,-0.319937,-0.319897,test
175.498000,-0.684557,1.425144,-1.401550,-0.359172,1.492402,-0.800528,0.476545,1.366012,0.328665,-0.357745,-0.358290,test
175.998000,0.237513,1.305537,0.069914,-0.684557,1.425144,-1.401550,-0.359172,1.492402,-0.800528,0.434431,0.430360,test
176.498000,0.118568,0.552550,-2.083387,0.237513,1.305537,0.069914,-0.684557,1.425144,-1.401550,0.190758,0.192318,test
176.998000,0.330490,0.465446,-0.035981,0.118568,0.552550,-2.083387,0.237513,1.305537,0.069914,-0.144966,-0.143728,test
177.498000,-0.292177,0.300524,-0.231742,0.330490,0.465446,-0.035981,0.118568,0.552550,-2.083387,-1.337252,-1.330179,test
177.998000,-0.025092,1.100204,0.223713,-0.292177,0.300524,-0.231742,0.330490,0.465446,-0.035981,-0.754635,-0.756369,test
178.498000,0.284399,0.860844,0.214792,-0.025092,1.100204,0.223713,-0.292177,0.300524,-0.231742,0.133435,0.130482,test
178.998000,0.270449,0.114356,0.519724,0.284399,0.860844,0.214792,-0.025092,1.100204,0.223713,0.174465,0.173597,test
179.498000,0.272796,-0.833408,0.447729,0.270449,0.114356,0.519724,0.284399,0.860844,0.214792,0.502080,0.500493,test
179.998000,0.063665,-1.033125,-0.611066,0.272796,-0.833408,0.447729,0.270449,0.114356,0.519724,0.376105,0.376771,test
180.498000,0.094773,-0.641117,-0.899734,0.063665,-1.033125,-0.611066,0.272796,-0.833408,0.447729,0.576398,0.575727,test
180.998000,0.205901,-0.025155,-1.181853,0.094773,-0.641117,-0.899734,0.063665,-1.033125,-0.611066,0.327515,0.328478,test
181.498000,0.138162,0.138108,-0.679238,0.205901,-0.025155,-1.181853,0.094773,-0.641117,-0.899734,0.105569,0.106303,test
181.998000,0.015255,-0.146254,-0.436662,0.138162,0.138108,-0.679238,0.205901,-0.025155,-1.181853,-0.396407,-0.394486,test
182.498000,-0.252967,-0.456101,0.797278,0.015255,-0.146254,-0.436662,0.138162,0.138108,-0.679238,-0.201775,-0.202353,test
182.998000,-0.888272,-0.459152,-0.753771,-0.252967,-0.456101,0.797278,0.015255,-0.146254,-0.436662,-0.541062,-0.539206,test
183.498000,-0.272794,0.028435,-1.120885,-0.888272,-0.459152,-0.753771,-0.252967,-0.456101,0.797278,-0.475381,-0.475757,test
183.998000,-0.204559,0.664158,-0.582215,-0.272794,0.028435,-1.120885,-0.888272,-0.459152,-0.753771,-0.447120,-0.446136,test
184.498000,-0.114269,0.622417,-1.094800,-0.204559,0.664158,-0.582215,-0.272794,0.028435,-1.120885,0.228568,0.225626,test
184.998000,0.056041,1.123078,0.469075,-0.114269,0.622417,-1.094800,-0.204559,0.664158,-0.582215,0.361232,0.359787,test
185.498000,-0.382259,0.945602,0.701908,0.056041,1.123078,0.469075,-0.114269,0.622417,-1.094800,0.077561,0.078763,test
185.998000,-0.037365,0.939672,0.943037,-0.382259,0.945602,0.701908,0.056041,1.123078,0.469075,0.052143,0.050986,test
186.498000,-0.153564,1.245907,0.067797,-0.037365,0.939672,0.943037,-0.382259,0.945602,0.701908,-0.116479,-0.115576,test
186.998000,0.271152,0.678664,-0.509248,-0.153564,1.245907,0.067797,-0.037365,0.939672,0.943037,0.155182,0.153603,test
187.498000,-0.187257,0.800555,-1.970885,0.271152,0.678664,-0.509248,-0.153564,1.245907,0.067797,-0.340321,-0.338150,test
187.998000,0.131560,0.701327,-0.747054,-0.187257,0.800555,-1.970885,0.271152,0.678664,-0.509248,0.178711,0.176711,test
188.498000,0.526530,1.034814,0.665034,0.131560,0.701327,-0.747054,-0.187257,0.800555,-1.970885,0.406898,0.406025,test
188.998000,0.779179,0.682531,1.668006,0.526530,1.034814,0.665034,0.131560,0.701327,-0.747054,0.699075,0.697878,test
189.498000,0.663482,0.732512,0.977169,0.779179,0.682531,1.668006,0.526530,1.034814,0.665034,0.740880,0.739866,test
189.998000,0.992316,0.622199,0.649458,0.663482,0.732512,0.977169,0.779179,0.682531,1.668006,0.911458,0.909921,test
190.498000,1.065333,0.619364,0.878786,0.992316,0.622199,0.649458,0.663482,0.732512,0.977169,0.996062,0.994987,test
190.998000,1.497843,0.787292,1.827470,1.065333,0.619364,0.878786,0.992316,0.622199,0.649458,0.944735,0.944245,test
191.498000,0.758286,0.829033,1.716057,1.497843,0.787292,1.827470,1.065333,0.619364,0.878786,0.452403,0.454419,test
191.998000,0.377854,0.641511,0.851649,0.758286,0.829033,1.716057,1.497843,0.787292,1.827470,0.304934,0.304319,test
192.498000,-1.104320,0.119135,-1.240173,0.377854,0.641511,0.851649,0.758286,0.829033,1.716057,-0.527730,-0.524708,test
192.998000,-0.717262,-0.057276,-2.182820,-1.104320,0.119135,-1.240173,0.377854,0.641511,0.851649,-0.420044,-0.421659,test
193.498000,-0.046234,-0.192751,-0.429310,-0.717262,-0.057276,-2.182820,-1.104320,0.119135,-1.240173,-0.408062,-0.407005,test
193.998000,-0.186325,-0.921253,0.403363,-0.046234,-0.192751,-0.429310,-0.717262,-0.057276,-2.182820,-0.445054,-0.443356,test
194.498000,-0.389220,-1.654391,-0.270366,-0.186325,-0.921253,0.403363,-0.046234,-0.192751,-0.429310,-0.713527,-0.711705,test
194.998000,-0.520788,-1.403930,-0.288780,-0.389220,-1.654391,-0.270366,-0.186325,-0.921253,0.403363,-1.041141,-1.038383,test
195.498000,0.145748,-0.460842,-0.326449,-0.520788,-1.403930,-0.288780,-0.389220,-1.654391,-0.270366,-0.774858,-0.774301,test
195.998000,0.603079,0.850021,0.341918,0.145748,-0.460842,-0.326449,-0.520788,-1.403930,-0.288780,-0.023791,-0.025801,test
196.498000,0.926876,0.691455,0.367336,0.603079,0.850021,0.341918,0.145748,-0.460842,-0.326449,0.422577,0.420425,test
196.998000,0.772465,0.496876,-0.006636,0.926876,0.691455,0.367336,0.603079,0.850021,0.341918,0.822843,0.819811,test
197.498000,0.202777,0.506809,0.465490,0.772465,0.496876,-0.006636,0.926876,0.691455,0.367336,0.397117,0.398359,test
197.998000,0.150396,0.697410,0.619470,0.202777,0.506809,0.465490,0.772465,0.496876,-0.006636,0.095684,0.096391,test
198.498000,0.416276,0.950398,1.074641,0.150396,0.697410,0.619470,0.202777,0.506809,0.465490,0.012024,0.012187,test
198.998000,1.074407,0.936088,0.946467,0.416276,0.950398,1.074641,0.150396,0.697410,0.619470,0.795836,0.792162,test
199.498000,1.228383,0.868227,1.512730,1.074407,0.936088,0.946467,0.416276,0.950398,1.074641,1.130639,1.128587,test
199.998000,0.955052,0.769665,0.858843,1.228383,0.868227,1.512730,1.074407,0.936088,0.946467,1.368733,1.366675,test
200.498000,0.932266,0.958832,0.704213,0.955052,0.769665,0.858843,1.228383,0.868227,1.512730,1.203407,1.202466,test
200.998000,0.213141,0.218492,-0.294932,0.932266,0.958832,0.704213,0.955052,0.769665,0.858843,0.901741,0.901985,test
201.498000,0.029117,-0.085094,0.090018,0.213141,0.218492,-0.294932,0.932266,0.958832,0.704213,0.407294,0.407674,test
201.998000,-1.028483,-1.070014,-0.042311,0.029117,-0.085094,0.090018,0.213141,0.218492,-0.294932,-0.943375,-0.936937,test
202.498000,0.040632,-0.419288,0.582419,-1.028483,-1.070014,-0.042311,0.029117,-0.085094,0.090018,-0.539063,-0.540878,test
202.998000,-0.058632,-0.472040,-0.088602,0.040632,-0.419288,0.582419,-1.028483,-1.070014,-0.042311,0.193451,0.192503,test
203.498000,0.222451,-0.270312,0.718799,-0.058632,-0.472040,-0.088602,0.040632,-0.419288,0.582419,0.642906,0.639825,test
203.998000,0.150248,0.101446,0.317853,0.222451,-0.270312,0.718799,-0.058632,-0.472040,-0.088602,0.921748,0.920097,test
204.498000,0.302578,0.113933,0.426580,0.150248,0.101446,0.317853,0.222451,-0.270312,0.718799,0.794912,0.794152,test
204.998000,0.366482,0.757087,1.152782,0.302578,0.113933,0.426580,0.150248,0.101446,0.317853,0.652031,0.651622,test
205.498000,0.216068,0.781082,0.772110,0.366482,0.757087,1.152782,0.302578,0.113933,0.426580,0.133890,0.135686,test
205.998000,0.073081,0.855036,0.638432,0.216068,0.781082,0.772110,0.366482,0.757087,1.152782,-0.456020,-0.454252,test
206.498000,-0.567369,0.509521,-0.468342,0.073081,0.855036,0.638432,0.216068,0.781082,0.772110,-1.042145,-1.039145,test
206.998000,0.087763,0.405149,-0.333810,-0.567369,0.509521,-0.468342,0.073081,0.855036,0.638432,-0.390218,-0.393094,test
207.498000,0.286877,-0.084150,-0.098870,0.087763,0.405149,-0.333810,-0.567369,0.509521,-0.468342,-0.298772,-0.297874,test
207.998000,0.012227,-0.553679,0.549457,0.286877,-0.084150,-0.098870,0.087763,0.405149,-0.333810,-0.482087,-0.480475,test
208.498000,-0.107234,-0.346465,0.950288,0.012227,-0.553679,0.549457,0.286877,-0.084150,-0.098870,-0.749915,-0.747819,test
208.998000,-0.041840,-0.190471,0.628259,-0.107234,-0.346465,0.950288,0.012227,-0.553679,0.549457,-0.302491,-0.303448,test
209.498000,0.312720,0.017555,0.776688,-0.041840,-0.190471,0.628259,-0.107234,-0.346465,0.950288,-0.162292,-0.162855,test
209.998000,-0.016855,-0.212293,0.079086,0.312720,0.017555,0.776688,-0.041840,-0.190471,0.628259,-0.480383,-0.478472,test
210.498000,-0.470137,-0.009984,0.965633,-0.016855,-0.212293,0.079086,0.312720,0.017555,0.776688,-0.939286,-0.937113,test
210.998000,-0.856537,-0.074019,1.215012,-0.470137,-0.009984,0.965633,-0.016855,-0.212293,0.079086,-0.661036,-0.661574,test
211.498000,-0.298253,0.108107,1.007459,-0.856537,-0.074019,1.215012,-0.470137,-0.009984,0.965633,0.213677,0.209292,test
211.998000,-0.041083,0.123121,0.591173,-0.298253,0.108107,1.007459,-0.856537,-0.074019,1.215012,0.162937,0.163072,test
212.498000,-0.183574,0.396256,0.395743,-0.041083,0.123121,0.591173,-0.298253,0.108107,1.007459,0.072303,0.072380,test
212.998000,-0.816587,0.479135,0.550516,-0.183574,0.396256,0.395743,-0.041083,0.123121,0.591173,-1.223625,-1.217906,test
213.498000,-0.802763,0.409513,-0.886408,-0.816587,0.479135,0.550516,-0.183574,0.396256,0.395743,-1.356024,-1.355144,test
213.998000,-0.580136,0.485956,-1.268419,-0.802763,0.409513,-0.886408,-0.816587,0.479135,0.550516,-1.608509,-1.606275,test
214.498000,-0.712226,1.226884,-2.999558,-0.580136,0.485956,-1.268419,-0.802763,0.409513,-0.886408,-1.469470,-1.468130,test
214.998000,-0.086429,1.626296,-0.856447,-0.712226,1.226884,-2.999558,-0.580136,0.485956,-1.268419,-0.510572,-0.513700,test
215.498000,-0.139127,1.805867,-1.180274,-0.086429,1.626296,-0.856447,-0.712226,1.226884,-2.999558,-0.490032,-0.489385,test
215.998000,0.362788,1.784293,-1.151634,-0.139127,1.805867,-1.180274,-0.086429,1.626296,-0.856447,-0.252631,-0.253696,test
216.498000,-0.171560,0.990373,-0.803602,0.362788,1.784293,-1.151634,-0.139127,1.805867,-1.180274,-0.510275,-0.508390,test
216.998000,0.252259,0.695313,-0.977710,-0.171560,0.990373,-0.803602,0.362788,1.784293,-1.151634,0.175886,0.172729,test
217.498000,0.330798,0.781753,-1.066530,0.252259,0.695313,-0.977710,-0.171560,0.990373,-0.803602,0.087531,0.088873,test
217.998000,0.530908,0.612818,-0.591663,0.330798,0.781753,-1.066530,0.252259,0.695313,-0.977710,-0.184538,-0.182809,test
218.498000,0.460262,0.600287,-0.731683,0.530908,0.612818,-0.591663,0.330798,0.781753,-1.066530,-0.448618,-0.446737,test
218.998000,0.313712,0.549587,0.699539,0.460262,0.600287,-0.731683,0.530908,0.612818,-0.591663,-0.264511,-0.264513,test
219.498000,0.455567,0.560717,0.899348,0.313712,0.549587,0.699539,0.460262,0.600287,-0.731683,0.189185,0.187444,test
219.998000,0.273939,0.635726,1.112810,0.455567,0.560717,0.899348,0.313712,0.549587,0.699539,0.129477,0.129709,test
220.498000,0.210087,0.555653,0.709752,0.273939,0.635726,1.112810,0.455567,0.560717,0.899348,0.335344,0.333971,test
220.998000,-0.199450,0.724981,-0.204982,0.210087,0.555653,0.709752,0.273939,0.635726,1.112810,-0.071602,-0.070368,test
221.498000,0.193757,0.675338,-0.480975,-0.199450,0.724981,-0.204982,0.210087,0.555653,0.709752,0.060912,0.059840,test
221.998000,0.736549,0.916674,-0.381479,0.193757,0.675338,-0.480975,-0.199450,0.724981,-0.204982,0.395612,0.394145,test
222.498000,0.557837,0.804346,-0.298399,0.736549,0.916674,-0.381479,0.193757,0.675338,-0.480975,0.075575,0.077416,test
222.998000,0.027970,0.033868,-0.170125,0.557837,0.804346,-0.298399,0.736549,0.916674,-0.381479,-0.144124,-0.143317,test
223.498000,-1.064385,-0.941224,0.419694,0.027970,0.033868,-0.170125,0.557837,0.804346,-0.298399,-1.282054,-1.276860,test
223.998000,-0.474404,-0.522305,-0.695068,-1.064385,-0.941224,0.419694,0.027970,0.033868,-0.170125,-0.537937,-0.540562,test
224.498000,0.461718,0.312707,-0.285590,-0.474404,-0.522305,-0.695068,-1.064385,-0.941224,0.419694,-0.039171,-0.039744,test
224.998000,0.847428,0.920703,-0.260083,0.461718,0.312707,-0.285590,-0.474404,-0.522305,-0.695068,0.772336,0.769317,test
225.498000,0.900751,1.005837,-0.000550,0.847428,0.920703,-0.260083,0.461718,0.312707,-0.285590,0.745335,0.744501,test
225.998000,0.763029,0.807803,0.011708,0.900751,1.005837,-0.000550,0.847428,0.920703,-0.260083,0.682435,0.681690,test
226.498000,1.534053,0.835360,0.603928,0.763029,0.807803,0.011708,0.900751,1.005837,-0.000550,0.951433,0.949381,test
226.998000,1.536139,0.773190,0.623246,1.534053,0.835360,0.603928,0.763029,0.807803,0.011708,1.130491,1.129889,test
227.498000,1.302806,0.825508,1.346833,1.536139,0.773190,0.623246,1.534053,0.835360,0.603928,0.958550,0.958492,test
227.998000,-0.100376,0.421509,0.794714,1.302806,0.825508,1.346833,1.536139,0.773190,0.623246,-0.563296,-0.556968,test
228.498000,-0.575657,0.167961,1.372408,-0.100376,0.421509,0.794714,1.302806,0.825508,1.346833,-0.933225,-0.932305,test
228.998000,-1.152025,-0.377883,-1.121176,-0.575657,0.167961,1.372408,-0.100376,0.421509,0.794714,-1.163091,-1.161351,test
229.498000,-1.974322,-0.068002,-1.643755,-1.152025,-0.377883,-1.121176,-0.575657,0.167961,1.372408,-1.947883,-1.943793,test
229.998000,-1.598504,0.296667,-0.567427,-1.974322,-0.068002,-1.643755,-1.152025,-0.377883,-1.121176,-1.250286,-1.252093,test
230.498000,-1.349252,0.517237,1.865312,-1.598504,0.296667,-0.567427,-1.974322,-0.068002,-1.643755,-1.007878,-1.007972,test
230.998000,-3.934426,-6.289094,2.550751,-1.349252,0.517237,1.865312,-1.598504,0.296667,-0.567427,-2.028403,-2.023065,test
