time_s,E_in_raw,E_in_norm,S_entropy,S_entropy_norm,C_ent_alpha,C_ent_alpha_norm,dQCI_dt,QCI,QCI_smooth
0.998000,0.000000,0.019772,0.626950,0.626950,0.641777,0.641777,0.034599,0.000000,0.007886
1.498000,0.000000,0.021576,0.650237,0.650237,0.636794,0.636794,0.006403,0.017300,0.007548
1.998000,0.000000,0.053672,0.697696,0.697696,0.667960,0.667960,0.021886,0.020501,0.001917
2.498000,0.000000,0.039370,0.735082,0.735082,0.655204,0.655204,-0.043652,0.031445,0.002316
2.998000,0.000000,0.030873,0.725754,0.725754,0.669845,0.669845,-0.025998,0.009618,0.003629
3.498000,0.000000,0.000000,0.650172,0.650172,0.543972,0.543972,-0.105862,-0.003381,0.006198
3.998000,0.000000,0.084496,0.710100,0.710100,0.740575,0.740575,0.120602,-0.056312,0.008339
4.498000,0.000000,0.170205,0.766901,0.766901,0.615370,0.615370,0.018275,0.003989,0.015684
4.998000,0.000000,0.194682,0.750469,0.750469,0.582240,0.582240,0.025140,0.013127,0.031023
5.498000,0.000000,0.130550,0.727050,0.727050,0.590489,0.590489,-0.008580,0.025697,0.051267
5.998000,0.000000,0.124651,0.734281,0.734281,0.750450,0.750450,0.138679,0.021407,0.073595
6.498000,0.000000,0.153080,0.768663,0.768663,0.790955,0.790955,0.166297,0.090746,0.092664
6.998000,0.000000,0.123768,0.736925,0.736925,0.750531,0.750531,0.119985,0.173895,0.113069
7.498000,0.000000,0.047756,0.684971,0.684971,0.658623,0.658623,-0.001981,0.233887,0.118420
7.998000,0.000000,0.000329,0.692373,0.692373,0.624159,0.624159,-0.091174,0.232897,0.115573
8.498000,0.000000,0.008337,0.750790,0.750790,0.682031,0.682031,-0.079152,0.187310,0.106892
8.998000,0.000000,0.000000,0.746098,0.746098,0.580402,0.580402,-0.180469,0.147734,0.099063
9.498000,0.000000,0.000000,0.702036,0.702036,0.562109,0.562109,-0.145677,0.057500,0.091451
9.998000,0.000000,0.000000,0.714180,0.714180,0.621099,0.621099,-0.091547,-0.015339,0.088779
10.498000,0.000000,0.009990,0.747215,0.747215,0.739570,0.739570,0.008456,-0.061113,0.098481
10.998000,0.000000,0.069369,0.748465,0.748465,0.816429,0.816429,0.143021,-0.056885,0.131557
11.498000,0.000000,0.313236,0.700982,0.700982,0.654305,0.654305,0.265097,0.014626,0.189441
11.998000,0.000000,0.458750,0.711833,0.711833,0.635271,0.635271,0.367470,0.147174,0.259242
12.498000,0.000000,0.553089,0.714935,0.714935,0.660424,0.660424,0.465487,0.330909,0.349045
12.998000,0.000000,0.391961,0.750991,0.750991,0.820393,0.820393,0.404997,0.563653,0.447740
13.498000,0.000000,0.269697,0.753352,0.753352,0.719455,0.719455,0.159185,0.766151,0.559027
13.998000,0.000000,0.221123,0.742807,0.742807,0.825823,0.825823,0.219565,0.845744,0.668863
14.498000,0.000000,0.193145,0.725873,0.725873,0.660462,0.660462,0.032181,0.955526,0.771275
14.998000,0.000000,0.237282,0.751566,0.751566,0.771714,0.771714,0.160268,0.971617,0.860069
15.498000,0.000000,0.222202,0.764838,0.764838,0.627259,0.627259,-0.020552,1.051751,0.930052
15.998000,0.000000,0.204718,0.757973,0.757973,0.651963,0.651963,-0.005439,1.041475,0.977532
16.498000,0.000000,0.200710,0.771102,0.771102,0.666981,0.666981,-0.007286,1.038755,1.001700
16.998000,0.000000,0.134606,0.724916,0.724916,0.685060,0.685060,-0.008761,1.035112,1.014763
17.498000,0.000000,0.083592,0.680566,0.680566,0.715500,0.715500,0.015453,1.030732,1.017368
17.998000,0.000000,0.067559,0.640818,0.640818,0.615854,0.615854,-0.061252,1.038458,1.019869
18.498000,0.000000,0.084082,0.702648,0.702648,0.656420,0.656420,-0.062928,1.007832,1.015065
18.998000,0.000000,0.118135,0.716797,0.716797,0.706728,0.706728,0.010430,0.976368,1.008284
19.498000,0.000000,0.063932,0.660669,0.660669,0.724975,0.724975,0.030079,0.981583,0.997222
19.998000,0.000000,0.034874,0.558407,0.558407,0.637367,0.637367,0.014172,0.996622,0.982595
20.498000,0.000000,0.060231,0.611297,0.611297,0.591355,0.591355,-0.060081,1.003708,0.957284
20.998000,0.000000,0.089357,0.726180,0.726180,0.643120,0.643120,-0.091070,0.973668,0.924876
21.498000,0.000000,0.099059,0.758061,0.758061,0.673244,0.673244,-0.078572,0.928133,0.885852
21.998000,0.000000,0.044172,0.747545,0.747545,0.569808,0.569808,-0.222450,0.888847,0.844402
22.498000,0.000000,0.022225,0.724745,0.724745,0.653794,0.653794,-0.126487,0.777622,0.793180
22.998000,0.000000,0.022016,0.708325,0.708325,0.564169,0.564169,-0.193578,0.714378,0.733472
23.498000,0.000000,0.019550,0.703988,0.703988,0.634758,0.634758,-0.111438,0.617589,0.665611
23.998000,0.000000,0.016653,0.681106,0.681106,0.535616,0.535616,-0.185025,0.561870,0.595930
24.498000,0.000000,0.014731,0.616936,0.616936,0.509524,0.509524,-0.139617,0.469358,0.530630
24.998000,0.000000,0.016549,0.606142,0.606142,0.480643,0.480643,-0.148905,0.399549,0.474442
25.498000,0.000000,0.028253,0.599862,0.599862,0.507643,0.507643,-0.096476,0.325097,0.429555
25.998000,0.000000,0.031069,0.657654,0.657654,0.650813,0.650813,-0.003458,0.276859,0.387083
26.498000,0.000000,0.065102,0.686002,0.686002,0.752089,0.752089,0.103676,0.275130,0.347229
26.998000,0.000000,0.054191,0.714857,0.714857,0.696931,0.696931,0.003568,0.326968,0.311539
27.498000,0.000000,0.041890,0.649927,0.649927,0.562723,0.562723,-0.078190,0.328752,0.291892
27.998000,0.000000,0.006616,0.621986,0.621986,0.503121,0.503121,-0.141214,0.289657,0.285071
28.498000,0.000000,0.000000,0.577205,0.577205,0.570952,0.570952,-0.028158,0.219050,0.311633
28.998000,0.000000,0.024837,0.574320,0.574320,0.705821,0.705821,0.135841,0.204971,0.359730
29.498000,0.000000,0.043230,0.632418,0.632418,0.733364,0.733364,0.116887,0.272891,0.426821
29.998000,0.000000,0.385936,0.710334,0.710334,0.876292,0.876292,0.518761,0.331335,0.484607
30.498000,0.000000,0.431014,0.760865,0.760865,0.723151,0.723151,0.334228,0.590715,0.544128
30.998000,0.000000,0.509093,0.731959,0.731959,0.675068,0.675068,0.376420,0.757829,0.599690
31.498000,0.000000,0.193230,0.748037,0.748037,0.567004,0.567004,-0.082407,0.946039,0.655971
31.998000,0.000000,0.134739,0.725606,0.725606,0.719603,0.719603,0.038253,0.904835,0.711739
32.498000,0.000000,0.044158,0.787530,0.787530,0.678399,0.678399,-0.157369,0.923962,0.788235
32.998000,0.000000,0.020672,0.748751,0.748751,0.685767,0.685767,-0.126840,0.845277,0.883535
33.498000,0.000000,0.015475,0.619217,0.619217,0.643505,0.643505,-0.038423,0.781857,0.973324
33.998000,0.000000,0.397746,0.681536,0.681536,0.910472,0.910472,0.550418,0.762646,1.037395
34.498000,0.000000,0.434833,0.676780,0.676780,0.838692,0.838692,0.492960,1.037855,1.091337
34.998000,0.000000,0.450872,0.697602,0.697602,0.783714,0.783714,0.408550,1.284334,1.187124
35.498000,0.000000,0.072463,0.668543,0.668543,0.564799,0.564799,-0.180141,1.488609,1.329267
35.998000,0.000000,0.293737,0.671585,0.671585,0.691539,0.691539,0.173837,1.398539,1.527965
36.498000,0.000000,0.763245,0.671409,0.671409,0.811200,0.811200,0.754490,1.485458,1.754969
36.998000,0.000000,1.000000,0.663101,0.663101,0.814748,0.814748,0.965377,1.862702,1.982679
37.498000,0.000000,1.000000,0.676774,0.676774,0.885046,0.885046,0.973733,2.345391,2.193385
37.998000,0.000000,0.588500,0.687448,0.687448,0.821455,0.821455,0.439281,2.832257,2.411873
38.498000,0.000000,0.292198,0.727634,0.727634,0.716327,0.716327,-0.024299,3.051898,2.638201
38.998000,0.000000,0.447110,0.714019,0.714019,0.781212,0.781212,0.210328,3.039749,2.887837
39.498000,0.000000,0.813368,0.669791,0.669791,0.819507,0.819507,0.648592,3.144913,3.110465
39.998000,0.000000,0.781105,0.664467,0.664467,0.795656,0.795656,0.565374,3.469209,3.274049
40.498000,0.000000,0.548563,0.706273,0.706273,0.818905,0.818905,0.286006,3.751896,3.411771
40.998000,0.000000,0.177006,0.758803,0.758803,0.604970,0.604970,-0.366317,3.894899,3.534196
41.498000,0.000000,0.142809,0.697988,0.697988,0.499949,0.499949,-0.426404,3.711740,3.666493
41.998000,0.000000,0.753368,0.628858,0.628858,0.673481,0.673481,0.448137,3.498538,3.807160
42.498000,0.000000,1.000000,0.625023,0.625023,0.665100,0.665100,0.667817,3.722607,3.922143
42.998000,0.000000,1.000000,0.644301,0.644301,0.686658,0.686658,0.636706,4.056515,3.987459
43.498000,0.000000,0.509969,0.697319,0.697319,0.767922,0.767922,0.143085,4.374868,4.000880
43.998000,0.000000,0.198489,0.770747,0.770747,0.713564,0.713564,-0.303335,4.446411,3.972450
44.498000,0.000000,0.136984,0.771263,0.771263,0.719014,0.719014,-0.344739,4.294743,3.939590
44.998000,0.000000,0.113674,0.781536,0.781536,0.607561,0.607561,-0.472538,4.122373,3.912339
45.498000,0.000000,0.052334,0.772337,0.772337,0.557596,0.557596,-0.551016,3.886104,3.850354
45.998000,0.000000,0.090221,0.741381,0.741381,0.557327,0.557327,-0.454893,3.610596,3.743563
46.498000,0.000000,0.118026,0.712704,0.712704,0.618739,0.618739,-0.314254,3.383149,3.590673
46.998000,0.000000,0.092604,0.689012,0.689012,0.672485,0.672485,-0.246526,3.226022,3.413341
47.498000,0.000000,0.041648,0.650067,0.650067,0.690391,0.690391,-0.228304,3.102760,3.237048
47.998000,0.000000,0.000000,0.609241,0.609241,0.622807,0.622807,-0.285295,2.988608,3.070427
48.498000,0.000000,0.001666,0.574381,0.574381,0.511582,0.511582,-0.345728,2.845960,2.919167
48.998000,0.000000,0.022267,0.613406,0.613406,0.575868,0.575868,-0.282581,2.673096,2.791347
49.498000,0.000000,0.057878,0.670344,0.670344,0.714377,0.714377,-0.151270,2.531806,2.677972
49.998000,0.000000,0.050013,0.711913,0.711913,0.742186,0.742186,-0.165332,2.456171,2.572055
50.498000,0.000000,0.060529,0.683573,0.683573,0.778170,0.778170,-0.082224,2.373505,2.463938
50.998000,0.000000,0.026381,0.666082,0.666082,0.706951,0.706951,-0.165988,2.332393,2.358061
51.498000,0.000000,0.036492,0.639283,0.639283,0.662635,0.662635,-0.165097,2.249399,2.262213
51.998000,0.000000,0.007765,0.683079,0.683079,0.601476,0.601476,-0.290523,2.166851,2.178438
52.498000,0.000000,0.032590,0.723588,0.723588,0.709663,0.709663,-0.183494,2.021589,2.100760
52.998000,0.000000,0.072337,0.767836,0.767836,0.803755,0.803755,-0.084729,1.929842,2.019673
53.498000,0.000000,0.064324,0.762459,0.762459,0.782615,0.782615,-0.104268,1.887478,1.939099
53.998000,0.000000,0.049482,0.785559,0.785559,0.758971,0.758971,-0.160641,1.835344,1.858483
54.498000,0.000000,0.024156,0.801798,0.801798,0.733717,0.733717,-0.219427,1.755023,1.779210
54.998000,0.000000,0.056995,0.799959,0.799959,0.752401,0.752401,-0.155094,1.645310,1.703464
55.498000,0.000000,0.075232,0.743059,0.743059,0.741547,0.741547,-0.083055,1.567763,1.643483
55.998000,0.000000,0.054421,0.701916,0.701916,0.660987,0.660987,-0.139131,1.526235,1.639757
56.498000,0.000000,0.108127,0.751809,0.751809,0.694790,0.694790,-0.094559,1.456670,1.691434
56.998000,0.000000,0.319158,0.757167,0.757167,0.603725,0.603725,0.024777,1.409390,1.798912
57.498000,0.000000,1.000000,0.684636,0.684636,0.768417,0.768417,0.941603,1.421779,1.958177
57.998000,0.000000,1.000000,0.607771,0.607771,0.820373,0.820373,1.023344,1.892580,2.162280
58.498000,0.000000,1.000000,0.599256,0.599256,0.851413,0.851413,1.011732,2.404252,2.398470
58.998000,0.000000,1.000000,0.652937,0.652937,0.819053,0.819053,0.875105,2.910118,2.650114
59.498000,0.000000,0.883232,0.709305,0.709305,0.838184,0.838184,0.677343,3.347670,2.932630
59.998000,0.000000,0.774338,0.711855,0.711855,0.792798,0.792798,0.486647,3.686341,3.233702
60.498000,0.000000,0.651815,0.708019,0.708019,0.675191,0.675191,0.226020,3.929665,3.552057
60.998000,0.000000,0.845141,0.663804,0.663804,0.701243,0.701243,0.478313,4.042675,3.819223
61.498000,0.000000,0.699524,0.668632,0.668632,0.673852,0.673852,0.276560,4.281831,4.028454
61.998000,0.000000,0.691101,0.680189,0.680189,0.801526,0.801526,0.370427,4.420111,4.182458
62.498000,0.000000,0.391466,0.707562,0.707562,0.694457,0.694457,-0.082172,4.605325,4.284979
62.998000,0.000000,0.469312,0.717782,0.717782,0.569554,0.569554,-0.135339,4.564239,4.342806
63.498000,0.000000,0.450302,0.696519,0.696519,0.603040,0.603040,-0.092835,4.496569,4.363150
63.998000,0.000000,0.274018,0.720250,0.720250,0.736714,0.736714,-0.154533,4.450152,4.360104
64.498000,0.000000,0.097362,0.708081,0.708081,0.831460,0.831460,-0.216547,4.372885,4.315909
64.998000,0.000000,0.040963,0.675846,0.675846,0.798318,0.798318,-0.263026,4.264612,4.240573
65.498000,0.000000,0.032811,0.615614,0.615614,0.754356,0.754356,-0.241756,4.133099,4.144076
65.998000,0.000000,0.026525,0.650635,0.650635,0.680651,0.680651,-0.344681,4.012221,4.044757
66.498000,0.000000,0.032622,0.644023,0.644023,0.649130,0.649130,-0.346259,3.839880,3.944509
66.998000,0.000000,0.121629,0.636402,0.636402,0.828643,0.828643,-0.052805,3.666751,3.828328
67.498000,0.000000,0.088140,0.595730,0.595730,0.733032,0.733032,-0.138593,3.640348,3.699135
67.998000,0.000000,0.073437,0.639232,0.639232,0.768981,0.768981,-0.153920,3.571051,3.562544
68.498000,0.000000,0.000000,0.629062,0.629062,0.566974,0.566974,-0.411497,3.494091,3.430771
68.998000,0.000000,0.022651,0.645024,0.645024,0.536430,0.536430,-0.414777,3.288343,3.309892
69.498000,0.000000,0.037522,0.652998,0.652998,0.559072,0.559072,-0.364499,3.080954,3.213469
69.998000,0.000000,0.060985,0.573720,0.573720,0.635921,0.635921,-0.166685,2.898704,3.141773
70.498000,0.000000,0.153452,0.593679,0.593679,0.697912,0.697912,-0.023852,2.815362,3.072535
70.998000,0.000000,0.358267,0.668129,0.668129,0.734629,0.734629,0.144423,2.803436,2.993816
71.498000,0.000000,0.416347,0.730801,0.730801,0.750313,0.750313,0.148294,2.875648,2.903212
71.998000,0.000000,0.310012,0.767674,0.767674,0.748992,0.748992,-0.003650,2.949795,2.823294
72.498000,0.000000,0.089893,0.780488,0.780488,0.657166,0.657166,-0.328225,2.947970,2.753548
72.998000,0.000000,0.006115,0.627923,0.627923,0.508582,0.508582,-0.391612,2.783857,2.697620
73.498000,0.000000,0.014487,0.568340,0.568340,0.614890,0.614890,-0.197768,2.588051,2.648410
73.998000,0.000000,0.081870,0.573135,0.573135,0.528820,0.528820,-0.211361,2.489167,2.602211
74.498000,0.000000,0.124694,0.570640,0.570640,0.596170,0.596170,-0.088124,2.383486,2.551474
74.998000,0.000000,0.116149,0.562608,0.562608,0.648087,0.648087,-0.032315,2.339424,2.490486
75.498000,0.000000,0.047974,0.537906,0.537906,0.758614,0.758614,0.036355,2.323267,2.428797
75.998000,0.000000,0.076497,0.614163,0.614163,0.825474,0.825474,0.053664,2.341445,2.376010
76.498000,0.000000,0.112113,0.703459,0.703459,0.771457,0.771457,-0.056717,2.368277,2.330167
76.998000,0.000000,0.130794,0.688458,0.688458,0.773968,0.773968,-0.017688,2.339918,2.281301
77.498000,0.000000,0.068464,0.656697,0.656697,0.671179,0.671179,-0.150161,2.331074,2.231690
77.998000,0.000000,0.024536,0.630448,0.630448,0.578758,0.578758,-0.252753,2.255994,2.179152
78.498000,0.000000,0.016003,0.599620,0.599620,0.538350,0.538350,-0.258229,2.129617,2.117694
78.998000,0.000000,0.000000,0.567479,0.567479,0.541295,0.541295,-0.226234,2.000503,2.044793
79.498000,0.000000,0.016396,0.598528,0.598528,0.624172,0.624172,-0.146699,1.887386,1.961512
79.998000,0.000000,0.015343,0.669211,0.669211,0.624582,0.624582,-0.210690,1.814036,1.873893
80.498000,0.000000,0.049658,0.744940,0.744940,0.673627,0.673627,-0.192524,1.708691,1.783575
80.998000,0.000000,0.064236,0.712380,0.712380,0.655470,0.655470,-0.153917,1.612429,1.689349
81.498000,0.000000,0.057803,0.686159,0.686159,0.638429,0.638429,-0.143475,1.535471,1.596484
81.998000,0.000000,0.039775,0.668591,0.668591,0.703506,0.703506,-0.071684,1.463734,1.506573
82.498000,0.000000,0.038076,0.682082,0.682082,0.558470,0.558470,-0.228326,1.427891,1.418285
82.998000,0.000000,0.061424,0.742041,0.742041,0.586478,0.586478,-0.225513,1.313729,1.333157
83.498000,0.000000,0.055273,0.743905,0.743905,0.609559,0.609559,-0.199170,1.200972,1.258176
83.998000,0.000000,0.015141,0.741228,0.741228,0.642471,0.642471,-0.193754,1.101387,1.194189
84.498000,0.000000,0.006947,0.706648,0.706648,0.716641,0.716641,-0.083511,1.004510,1.137126
84.998000,0.000000,0.052893,0.733059,0.733059,0.768698,0.768698,-0.007744,0.962755,1.084113
85.498000,0.000000,0.097177,0.700810,0.700810,0.726870,0.726870,0.027349,0.958883,1.024471
85.998000,0.000000,0.085326,0.711935,0.711935,0.708423,0.708423,-0.015442,0.972557,0.966000
86.498000,0.000000,0.030943,0.676184,0.676184,0.679270,0.679270,-0.062455,0.964836,0.904052
86.998000,0.000000,0.000000,0.690195,0.690195,0.579278,0.579278,-0.204278,0.933609,0.848730
87.498000,0.000000,0.000000,0.623373,0.623373,0.501615,0.501615,-0.204905,0.831470,0.798935
87.998000,0.000000,0.000000,0.628320,0.628320,0.406173,0.406173,-0.295049,0.729018,0.749814
88.498000,0.000000,0.007006,0.631055,0.631055,0.615549,0.615549,-0.066650,0.581493,0.699801
88.998000,0.000000,0.022110,0.705700,0.705700,0.655195,0.655195,-0.083213,0.548168,0.640286
89.498000,0.000000,0.015671,0.698694,0.698694,0.663641,0.663641,-0.070039,0.506562,0.587203
89.998000,0.000000,0.004501,0.559350,0.559350,0.576434,0.576434,-0.025570,0.471542,0.540279
90.498000,0.000000,0.001572,0.596563,0.596563,0.478154,0.478154,-0.162713,0.458757,0.506803
90.998000,0.000000,0.090849,0.657184,0.657184,0.717301,0.717301,0.113226,0.377401,0.481060
91.498000,0.000000,0.124910,0.733008,0.733008,0.712194,0.712194,0.060695,0.434014,0.455863
91.998000,0.000000,0.127001,0.712423,0.712423,0.696563,0.696563,0.064704,0.464361,0.424874
92.498000,0.000000,0.035909,0.691404,0.691404,0.654909,0.654909,-0.050257,0.496713,0.394346
92.998000,0.000000,0.004389,0.751582,0.751582,0.510229,0.510229,-0.284122,0.471585,0.365072
93.498000,0.000000,0.000457,0.772592,0.772592,0.622601,0.622601,-0.182487,0.329524,0.333037
93.998000,0.000000,0.006995,0.711965,0.711965,0.654792,0.654792,-0.074007,0.238281,0.301195
94.498000,0.000000,0.000000,0.629170,0.629170,0.604359,0.604359,-0.044938,0.201277,0.266824
94.998000,0.000000,0.000000,0.652312,0.652312,0.589383,0.589383,-0.080810,0.178808,0.237203
95.498000,0.000000,0.000000,0.715462,0.715462,0.570462,0.570462,-0.158841,0.138403,0.215118
95.998000,0.000000,0.026642,0.658904,0.658904,0.700813,0.700813,0.062653,0.058983,0.200889
96.498000,0.000000,0.054509,0.644999,0.644999,0.755194,0.755194,0.155673,0.090309,0.200196
96.998000,0.000000,0.061088,0.615880,0.615880,0.787047,0.787047,0.215441,0.168145,0.202015
97.498000,0.000000,0.035892,0.615289,0.615289,0.713849,0.713849,0.106865,0.275866,0.205436
97.998000,0.000000,0.000195,0.586472,0.586472,0.605785,0.605785,-0.013422,0.329298,0.204604
98.498000,0.000000,0.000000,0.592342,0.592342,0.492364,0.492364,-0.132237,0.322587,0.224899
98.998000,0.000000,0.000000,0.602854,0.602854,0.586538,0.586538,-0.041962,0.256469,0.266193
99.498000,0.000000,0.000000,0.599919,0.599919,0.493479,0.493479,-0.129989,0.235488,0.316998
99.998000,0.000000,0.194521,0.686271,0.686271,0.850523,0.850523,0.341724,0.170493,0.359815
100.498000,0.000000,0.223764,0.746840,0.746840,0.818336,0.818336,0.261125,0.341355,0.396411
100.998000,0.000000,0.273471,0.765789,0.765789,0.792387,0.792387,0.252877,0.471918,0.425107
101.498000,0.000000,0.072927,0.770400,0.770400,0.753243,0.753243,-0.004066,0.598356,0.458719
101.998000,0.000000,0.061800,0.712658,0.712658,0.801481,0.801481,0.090992,0.596323,0.509221
102.498000,0.000000,0.010520,0.636130,0.636130,0.638673,0.638673,-0.051119,0.641819,0.567694
102.998000,0.000000,0.047343,0.643245,0.643245,0.742423,0.742423,0.084895,0.616259,0.634715
103.498000,0.000000,0.122360,0.647484,0.647484,0.796573,0.796573,0.205578,0.658707,0.676984
103.998000,0.000000,0.157655,0.703416,0.703416,0.739339,0.739339,0.117429,0.761496,0.700545
104.498000,0.000000,0.160443,0.732942,0.732942,0.695514,0.695514,0.040994,0.820210,0.709199
104.998000,0.000000,0.074544,0.754685,0.754685,0.610890,0.610890,-0.153322,0.840707,0.720024
105.498000,0.000000,0.065933,0.684322,0.684322,0.581747,0.581747,-0.113046,0.764046,0.722182
105.998000,0.000000,0.061048,0.649395,0.649395,0.613862,0.613862,-0.045236,0.707523,0.724554
106.498000,0.000000,0.098083,0.658136,0.658136,0.667862,0.667862,0.039318,0.684905,0.718195
106.998000,0.000000,0.068848,0.724602,0.724602,0.643893,0.643893,-0.082317,0.704564,0.695306
107.498000,0.000000,0.060407,0.757906,0.757906,0.716975,0.716975,-0.046864,0.663405,0.663561
107.998000,0.000000,0.015846,0.669640,0.669640,0.628079,0.628079,-0.089712,0.639973,0.631036
108.498000,0.000000,0.017657,0.623641,0.623641,0.540483,0.540483,-0.125012,0.595117,0.625275
108.998000,0.000000,0.011082,0.532158,0.532158,0.514629,0.514629,-0.059708,0.532611,0.643358
109.498000,0.000000,0.040817,0.528542,0.528542,0.563402,0.563402,0.025401,0.502757,0.680021
109.998000,0.000000,0.262896,0.607466,0.607466,0.778063,0.778063,0.381947,0.515458,0.715736
110.498000,0.000000,0.297071,0.688675,0.688675,0.826101,0.826101,0.363854,0.706432,0.759981
110.998000,0.000000,0.338617,0.752436,0.752436,0.828998,0.828998,0.326344,0.888359,0.810217
111.498000,0.000000,0.137055,0.664477,0.664477,0.652950,0.652950,0.020375,1.051531,0.881897
111.998000,0.000000,0.083182,0.572593,0.572593,0.683846,0.683846,0.088263,1.061718,0.977970
112.498000,0.000000,0.057973,0.551838,0.551838,0.677428,0.677428,0.072979,1.105850,1.093282
112.998000,0.000000,0.371390,0.644950,0.644950,0.726942,0.726942,0.339149,1.142339,1.206542
113.498000,0.000000,0.475232,0.722164,0.722164,0.740983,0.740983,0.362860,1.311914,1.295431
113.998000,0.000000,0.478747,0.735103,0.735103,0.730754,0.730754,0.325063,1.493344,1.358183
114.498000,0.000000,0.147024,0.678563,0.678563,0.681499,0.681499,-0.015627,1.655875,1.395642
114.998000,0.000000,0.056207,0.636069,0.636069,0.639191,0.639191,-0.105477,1.648061,1.424324
115.498000,0.000000,0.056728,0.620242,0.620242,0.564155,0.564155,-0.158892,1.595323,1.435254
115.998000,0.000000,0.070662,0.640515,0.640515,0.541920,0.541920,-0.179521,1.515877,1.436031
116.498000,0.000000,0.082678,0.661058,0.661058,0.565831,0.565831,-0.155161,1.426117,1.421691
116.998000,0.000000,0.037201,0.691934,0.691934,0.522818,0.522818,-0.266768,1.348536,1.388554
117.498000,0.000000,0.053021,0.642345,0.642345,0.580756,0.580756,-0.130083,1.215152,1.339022
117.998000,0.000000,0.121208,0.653212,0.653212,0.683832,0.683832,0.036816,1.150110,1.335668
118.498000,0.000000,0.226679,0.678020,0.678020,0.555107,0.555107,-0.013085,1.168518,1.388599
118.998000,0.000000,0.368556,0.740428,0.740428,0.485215,0.485215,-0.002854,1.161976,1.497463
119.498000,0.000000,1.000000,0.654640,0.654640,0.678644,0.678644,0.907949,1.160549,1.660291
119.998000,0.000000,1.000000,0.612869,0.612869,0.794540,0.794540,1.020218,1.614524,1.874492
120.498000,0.000000,1.000000,0.609858,0.609858,0.782088,0.782088,0.959767,2.124633,2.144529
120.998000,0.000000,1.000000,0.618546,0.618546,0.778751,0.778751,0.899754,2.604516,2.462293
121.498000,0.000000,1.000000,0.613693,0.613693,0.791439,0.791439,0.872307,3.054393,2.803059
121.998000,0.000000,1.000000,0.631420,0.631420,0.830427,0.830427,0.849953,3.490546,3.163640
122.498000,0.000000,1.000000,0.650076,0.650076,0.866095,0.866095,0.824467,3.915523,3.526423
122.998000,0.000000,0.818464,0.698706,0.698706,0.809857,0.809857,0.496839,4.327756,3.832000
123.498000,0.000000,0.806664,0.708916,0.708916,0.743082,0.743082,0.383213,4.576176,4.068559
123.998000,0.000000,0.500150,0.737293,0.737293,0.755112,0.755112,0.041191,4.767782,4.245082
124.498000,0.000000,0.287780,0.751387,0.751387,0.706277,0.706277,-0.236168,4.788378,4.366636
124.998000,0.000000,0.153452,0.790493,0.790493,0.743938,0.743938,-0.360133,4.670294,4.437837
125.498000,0.000000,0.256033,0.772508,0.772508,0.724541,0.724541,-0.240956,4.490228,4.444937
125.998000,0.000000,0.291300,0.764796,0.764796,0.710827,0.710827,-0.199644,4.369749,4.395299
126.498000,0.000000,0.285773,0.747412,0.747412,0.753886,0.753886,-0.134746,4.269927,4.308765
126.998000,0.000000,0.119209,0.740975,0.740975,0.609960,0.609960,-0.432062,4.202555,4.195135
127.498000,0.000000,0.180949,0.763209,0.763209,0.670615,0.670615,-0.310298,3.986524,4.065601
127.998000,0.000000,0.225101,0.758552,0.758552,0.675520,0.675520,-0.241069,3.831375,3.934176
128.498000,0.000000,0.289601,0.762636,0.762636,0.685397,0.685397,-0.158722,3.710840,3.850732
128.998000,0.000000,0.190608,0.765104,0.765104,0.660766,0.660766,-0.276877,3.631479,3.810200
129.498000,0.000000,0.130354,0.736000,0.736000,0.680959,0.680959,-0.273990,3.493040,3.812846
129.998000,0.000000,0.743944,0.688831,0.688831,0.879974,0.879974,0.599482,3.356045,3.816191
130.498000,0.000000,0.805130,0.654107,0.654107,0.831844,0.831844,0.617289,3.655786,3.834451
130.998000,0.000000,0.842498,0.622483,0.622483,0.840350,0.840350,0.663923,3.964430,3.865272
131.498000,0.000000,0.205054,0.585242,0.585242,0.689042,0.689042,-0.120785,4.296392,3.902002
131.998000,0.000000,0.140912,0.646034,0.646034,0.794965,0.794965,-0.133758,4.235999,3.938108
132.498000,0.000000,0.090423,0.559129,0.559129,0.826560,0.826560,-0.059057,4.169120,3.973922
132.998000,0.000000,0.071801,0.547501,0.547501,0.766752,0.766752,-0.122907,4.139592,3.997685
133.498000,0.000000,0.069268,0.546875,0.546875,0.714212,0.714212,-0.171208,4.078138,3.971781
133.998000,0.000000,0.042305,0.625550,0.625550,0.699794,0.699794,-0.282704,3.992534,3.894852
134.498000,0.000000,0.007612,0.659804,0.659804,0.522306,0.522306,-0.515004,3.851182,3.775175
134.998000,0.000000,0.018615,0.686965,0.686965,0.633836,0.633836,-0.393881,3.593680,3.649256
135.498000,0.000000,0.013263,0.655954,0.655954,0.579164,0.579164,-0.403200,3.396739,3.522323
135.998000,0.000000,0.023207,0.601978,0.601978,0.707264,0.707264,-0.191022,3.195139,3.385964
136.498000,0.000000,0.003109,0.558576,0.558576,0.619796,0.619796,-0.245634,3.099628,3.244812
136.998000,0.000000,0.015199,0.557118,0.557118,0.685553,0.685553,-0.154047,2.976811,3.099094
137.498000,0.000000,0.012713,0.597471,0.597471,0.627157,0.627157,-0.247580,2.899788,2.955384
137.998000,0.000000,0.043892,0.651101,0.651101,0.666049,0.666049,-0.218760,2.775998,2.818290
138.498000,0.000000,0.044603,0.648384,0.648384,0.607914,0.607914,-0.262530,2.666618,2.686384
138.998000,0.000000,0.038657,0.647552,0.647552,0.619898,0.619898,-0.242532,2.535353,2.562898
139.498000,0.000000,0.002894,0.618333,0.618333,0.474151,0.474151,-0.382697,2.414087,2.433790
139.998000,0.000000,0.000000,0.603664,0.603664,0.535816,0.535816,-0.290122,2.222738,2.300237
140.498000,0.000000,0.001248,0.603475,0.603475,0.575207,0.575207,-0.234787,2.077677,2.156840
140.998000,0.000000,0.017711,0.647810,0.647810,0.522649,0.522649,-0.303478,1.960284,2.014290
141.498000,0.000000,0.043769,0.663183,0.663183,0.465735,0.465735,-0.334533,1.808544,1.873131
141.998000,0.000000,0.023888,0.677935,0.677935,0.467269,0.467269,-0.350907,1.641278,1.746044
142.498000,0.000000,0.006982,0.620569,0.620569,0.529517,0.529517,-0.230653,1.465825,1.637578
142.998000,0.000000,0.000000,0.523681,0.523681,0.467786,0.467786,-0.190945,1.350498,1.567116
143.498000,0.000000,0.084965,0.572036,0.572036,0.631479,0.631479,0.018905,1.255026,1.530133
143.998000,0.000000,0.320074,0.622109,0.622109,0.558382,0.558382,0.129900,1.264478,1.506505
144.498000,0.000000,0.551133,0.672914,0.672914,0.632101,0.632101,0.377377,1.329428,1.490682
144.998000,0.000000,0.572020,0.701889,0.701889,0.661147,0.661147,0.379467,1.518117,1.489291
145.498000,0.000000,0.394494,0.758189,0.758189,0.566791,0.566791,0.032311,1.707850,1.508924
145.998000,0.000000,0.272160,0.758636,0.758636,0.511490,0.511490,-0.147386,1.724006,1.588354
146.498000,0.000000,0.313181,0.744856,0.744856,0.550817,0.550817,-0.045889,1.650313,1.726186
146.998000,0.000000,0.306819,0.702763,0.702763,0.628260,0.628260,0.069580,1.627368,1.910779
147.498000,0.000000,1.000000,0.665250,0.665250,0.796741,0.796741,0.965276,1.662158,2.111367
147.998000,0.000000,1.000000,0.632978,0.632978,0.824553,0.824553,0.977096,2.144796,2.283438
148.498000,0.000000,1.000000,0.630067,0.630067,0.847528,0.847528,0.954126,2.633344,2.425698
148.998000,0.000000,0.688481,0.651442,0.651442,0.723816,0.723816,0.449814,3.110407,2.551778
149.498000,0.000000,0.310318,0.696045,0.696045,0.526288,0.526288,-0.192971,3.335314,2.705582
149.998000,0.000000,0.323989,0.680870,0.680870,0.463989,0.463989,-0.216775,3.238829,2.901928
150.498000,0.000000,0.278960,0.661005,0.661005,0.403820,0.403820,-0.291269,3.130441,3.138036
150.998000,0.000000,0.757610,0.676045,0.676045,0.624013,0.624013,0.407097,2.984807,3.365246
151.498000,0.000000,1.000000,0.671883,0.671883,0.795664,0.795664,0.804946,3.188355,3.581681
151.998000,0.000000,1.000000,0.663789,0.663789,0.887698,0.887698,0.864826,3.590828,3.780233
152.498000,0.000000,1.000000,0.663670,0.663670,0.853308,0.853308,0.787314,4.023241,3.982651
152.998000,0.000000,1.000000,0.694568,0.694568,0.897840,0.897840,0.761583,4.416898,4.215501
153.498000,0.000000,1.000000,0.724363,0.724363,0.800599,0.800599,0.596467,4.797689,4.459656
153.998000,0.000000,0.963797,0.703493,0.703493,0.776444,0.776444,0.527156,5.095923,4.710200
154.498000,0.000000,0.832290,0.687610,0.687610,0.806925,0.806925,0.415654,5.359501,4.914994
154.998000,0.000000,0.536658,0.653065,0.653065,0.682467,0.682467,0.009327,5.567328,5.057343
155.498000,0.000000,0.348605,0.706638,0.706638,0.751739,0.751739,-0.163493,5.571992,5.135208
155.998000,0.000000,0.149230,0.748487,0.748487,0.640375,0.640375,-0.507907,5.490245,5.161417
156.498000,0.000000,0.149318,0.746504,0.746504,0.676865,0.676865,-0.443950,5.236292,5.133514
156.998000,0.000000,0.149811,0.734685,0.734685,0.661455,0.661455,-0.424851,5.014317,5.069499
157.498000,0.000000,0.183098,0.756969,0.756969,0.808257,0.808257,-0.245803,4.801891,4.967689
157.998000,0.000000,0.149864,0.774583,0.774583,0.771959,0.771959,-0.320659,4.678990,4.835366
158.498000,0.000000,0.302712,0.754273,0.754273,0.777660,0.777660,-0.125768,4.518660,4.700752
158.998000,0.000000,0.264779,0.746303,0.746303,0.698350,0.698350,-0.228752,4.455776,4.574823
159.498000,0.000000,0.259844,0.755079,0.755079,0.734770,0.734770,-0.194605,4.341400,4.480469
159.998000,0.000000,0.399759,0.745752,0.745752,0.733911,0.733911,-0.036492,4.244098,4.437081
160.498000,0.000000,0.447673,0.740613,0.740613,0.725724,0.725724,0.010200,4.225852,4.450097
160.998000,0.000000,0.500459,0.725987,0.725987,0.772237,0.772237,0.123614,4.230951,4.507205
161.498000,0.000000,0.900108,0.664676,0.664676,0.769202,0.769202,0.575358,4.292759,4.592709
161.998000,0.000000,1.000000,0.627281,0.627281,0.788537,0.788537,0.703212,4.580438,4.688635
162.498000,0.000000,0.999663,0.642407,0.642407,0.772009,0.772009,0.636061,4.932043,4.808948
162.998000,0.000000,0.705237,0.698867,0.698867,0.765898,0.765898,0.247260,5.250074,4.927588
163.498000,0.000000,0.592529,0.709742,0.709742,0.737245,0.737245,0.082662,5.373704,5.034506
163.998000,0.000000,0.748976,0.661557,0.661557,0.713062,0.713062,0.258978,5.415035,5.112236
164.498000,0.000000,0.349433,0.694767,0.694767,0.671744,0.671744,-0.228042,5.544524,5.168476
164.998000,0.000000,0.285456,0.688449,0.688449,0.675096,0.675096,-0.270947,5.430502,5.181287
165.498000,0.000000,0.128611,0.681920,0.681920,0.509262,0.509262,-0.573551,5.295029,5.133173
165.998000,0.000000,0.108766,0.576920,0.576920,0.662779,0.662779,-0.306200,5.008253,5.027886
166.498000,0.000000,0.104522,0.571635,0.571635,0.659432,0.659432,-0.293196,4.855154,4.891933
166.998000,0.000000,0.042074,0.566298,0.566298,0.479769,0.479769,-0.515310,4.708556,4.742765
167.498000,0.000000,0.064542,0.704186,0.704186,0.577341,0.577341,-0.507393,4.450901,4.571012
167.998000,0.000000,0.029761,0.679281,0.679281,0.703168,0.703168,-0.366073,4.197204,4.397914
168.498000,0.000000,0.003709,0.680070,0.680070,0.896159,0.896159,-0.181619,4.014168,4.222762
168.998000,0.000000,0.000000,0.331801,0.331801,0.531403,0.531403,-0.192733,3.923358,4.054759
169.498000,0.000000,0.000339,0.711498,0.711498,0.838922,0.838922,-0.254936,3.826992,3.879175
169.998000,0.000000,0.036465,0.763161,0.763161,0.784629,0.784629,-0.312019,3.699523,3.694989
170.498000,0.000000,0.062795,0.781715,0.781715,0.642686,0.642686,-0.430585,3.543514,3.520769
170.998000,0.000000,0.055977,0.786984,0.786984,0.606010,0.606010,-0.457820,3.328221,3.359228
171.498000,0.000000,0.045351,0.772701,0.772701,0.572046,0.572046,-0.465236,3.099311,3.204088
171.998000,0.000000,0.079768,0.770436,0.770436,0.661358,0.661358,-0.315980,2.866693,3.048683
172.498000,0.000000,0.069046,0.749244,0.749244,0.697249,0.697249,-0.253819,2.708704,2.891782
172.998000,0.000000,0.072803,0.770082,0.770082,0.717415,0.717415,-0.238044,2.581794,2.733200
173.498000,0.000000,0.092179,0.772766,0.772766,0.739940,0.739940,-0.186924,2.462772,2.575193
173.998000,0.000000,0.108957,0.789760,0.789760,0.695070,0.695070,-0.222664,2.369310,2.418556
174.498000,0.000000,0.100367,0.802274,0.802274,0.639146,0.639146,-0.288559,2.257978,2.275677
174.998000,0.000000,0.053319,0.801298,0.801298,0.658839,0.658839,-0.300510,2.113699,2.143962
175.498000,0.000000,0.050735,0.797253,0.797253,0.539674,0.539674,-0.403188,1.963444,2.023621
175.998000,0.000000,0.136322,0.776164,0.776164,0.633369,0.633369,-0.182659,1.761850,1.907415
176.498000,0.000000,0.127889,0.723658,0.723658,0.520874,0.520874,-0.241947,1.670521,1.795370
176.998000,0.000000,0.136875,0.691872,0.691872,0.621451,0.621451,-0.088501,1.549547,1.691660
177.498000,0.000000,0.060534,0.670215,0.670215,0.589073,0.589073,-0.171137,1.505297,1.599659
177.998000,0.000000,0.083042,0.741630,0.741630,0.645754,0.645754,-0.154806,1.419728,1.530615
178.498000,0.000000,0.154962,0.766834,0.766834,0.725879,0.725879,-0.020226,1.342325,1.477638
178.998000,0.000000,0.151393,0.731332,0.731332,0.724669,0.724669,0.011508,1.332212,1.446455
179.498000,0.000000,0.194564,0.671223,0.671223,0.781043,0.781043,0.170587,1.337966,1.419306
179.998000,0.000000,0.169062,0.650505,0.650505,0.644592,0.644592,0.020823,1.423260,1.397957
180.498000,0.000000,0.196278,0.675681,0.675681,0.655475,0.655475,0.032705,1.433671,1.373042
180.998000,0.000000,0.137832,0.711432,0.711432,0.616607,0.616607,-0.101995,1.450024,1.353654
181.498000,0.000000,0.107300,0.717192,0.717192,0.623865,0.623865,-0.125930,1.399026,1.333782
181.998000,0.000000,0.083509,0.688734,0.688734,0.579002,0.579002,-0.159830,1.336061,1.309805
182.498000,0.000000,0.085943,0.675509,0.675509,0.654585,0.654585,-0.060595,1.256146,1.277915
182.998000,0.000000,0.041174,0.679639,0.679639,0.596563,0.596563,-0.164486,1.225849,1.234497
183.498000,0.000000,0.059828,0.691309,0.691309,0.643519,0.643519,-0.102323,1.143606,1.190129
183.998000,0.000000,0.046398,0.728384,0.728384,0.644467,0.644467,-0.146763,1.092444,1.143690
184.498000,0.000000,0.073093,0.742713,0.742713,0.711570,0.711570,-0.059957,1.019063,1.101898
184.998000,0.000000,0.080754,0.779784,0.779784,0.799741,0.799741,0.001802,0.989084,1.058503
185.498000,0.000000,0.069201,0.783341,0.783341,0.804443,0.804443,-0.008695,0.989985,1.019294
185.998000,0.000000,0.071667,0.780469,0.780469,0.798301,0.798301,-0.009064,0.985638,0.971624
186.498000,0.000000,0.048510,0.792823,0.792823,0.684424,0.684424,-0.158000,0.981106,0.925905
186.998000,0.000000,0.091745,0.721220,0.721220,0.643591,0.643591,-0.076095,0.902106,0.886995
187.498000,0.000000,0.065709,0.715394,0.715394,0.506277,0.506277,-0.229813,0.864058,0.865869
187.998000,0.000000,0.121030,0.717530,0.717530,0.545940,0.545940,-0.125476,0.749152,0.857666
188.498000,0.000000,0.138978,0.752169,0.752169,0.715686,0.715686,0.033853,0.686414,0.860178
188.998000,0.000000,0.197625,0.730294,0.730294,0.811933,0.811933,0.208930,0.703341,0.874013
189.498000,0.000000,0.235886,0.734209,0.734209,0.777605,0.777605,0.198502,0.807806,0.896006
189.998000,0.000000,0.274853,0.732323,0.732323,0.764279,0.764279,0.216104,0.907056,0.925077
190.498000,0.000000,0.258757,0.739112,0.739112,0.799621,0.799621,0.217756,1.015108,0.953841
190.998000,0.000000,0.247790,0.749496,0.749496,0.768195,0.768195,0.154090,1.123986,0.984823
191.498000,0.000000,0.168066,0.759360,0.759360,0.694969,0.694969,-0.016428,1.201032,1.011159
191.998000,0.000000,0.133935,0.744537,0.744537,0.647643,0.647643,-0.082242,1.192817,1.028939
192.498000,0.000000,0.041598,0.720446,0.720446,0.608575,0.608575,-0.185443,1.151697,1.035734
192.998000,0.000000,0.042395,0.719845,0.719845,0.564942,0.564942,-0.218405,1.058975,1.034756
193.498000,0.000000,0.086031,0.711489,0.711489,0.583172,0.583172,-0.137263,0.949773,1.023602
193.998000,0.000000,0.073492,0.664301,0.664301,0.668141,0.668141,-0.010782,0.881141,1.001357
194.498000,0.000000,0.072711,0.592725,0.592725,0.650648,0.650648,0.043059,0.875750,0.967977
194.998000,0.000000,0.066767,0.595379,0.595379,0.630926,0.630926,0.012586,0.897279,0.934873
195.498000,0.000000,0.109703,0.655940,0.655940,0.632518,0.632518,-0.004076,0.903572,0.909623
195.998000,0.000000,0.136320,0.752392,0.752392,0.637616,0.637616,-0.068609,0.901535,0.899658
196.498000,0.000000,0.175218,0.743771,0.743771,0.644364,0.644364,-0.010912,0.867230,0.905460
196.998000,0.000000,0.197076,0.730839,0.730839,0.694784,0.694784,0.074844,0.861774,0.924224
197.498000,0.000000,0.193432,0.731982,0.731982,0.748744,0.748744,0.120274,0.899196,0.953996
197.998000,0.000000,0.166502,0.741975,0.741975,0.768316,0.768316,0.096910,0.959333,0.998485
198.498000,0.000000,0.191077,0.757905,0.757905,0.789595,0.789595,0.121988,1.007788,1.062103
198.998000,0.000000,0.305914,0.750652,0.750652,0.760991,0.760991,0.209374,1.068782,1.144775
199.498000,0.000000,0.366524,0.750477,0.750477,0.838708,0.838708,0.337408,1.173469,1.243128
199.998000,0.000000,0.475681,0.727751,0.727751,0.781453,0.781453,0.395166,1.342173,1.346798
200.498000,0.000000,0.508184,0.741113,0.741113,0.763889,0.763889,0.376985,1.539756,1.439857
200.998000,0.000000,0.395299,0.709336,0.709336,0.731890,0.731890,0.245029,1.728248,1.523972
201.498000,0.000000,0.217269,0.692674,0.692674,0.755912,0.755912,0.095430,1.850762,1.604819
201.998000,0.000000,0.038537,0.629995,0.629995,0.643907,0.643907,-0.137398,1.898477,1.686952
202.498000,0.000000,0.088821,0.673215,0.673215,0.708790,0.708790,-0.058582,1.829779,1.765187
202.998000,0.000000,0.184778,0.689813,0.689813,0.716612,0.716612,0.031528,1.800488,1.825208
203.498000,0.000000,0.269501,0.689306,0.689306,0.749167,0.749167,0.147737,1.816252,1.860326
203.998000,0.000000,0.284072,0.707034,0.707034,0.743373,0.743373,0.131399,1.890120,1.864966
204.498000,0.000000,0.199522,0.695355,0.695355,0.664534,0.664534,-0.026882,1.955820,1.844731
204.998000,0.000000,0.151574,0.741146,0.741146,0.680927,0.680927,-0.102882,1.942379,1.799106
205.498000,0.000000,0.080534,0.758627,0.758627,0.634610,0.634610,-0.232577,1.890938,1.749025
205.998000,0.000000,0.054995,0.750832,0.750832,0.620814,0.620814,-0.252487,1.774649,1.692131
206.498000,0.000000,0.027948,0.741255,0.741255,0.465797,0.465797,-0.412350,1.648406,1.633926
206.998000,0.000000,0.080139,0.726236,0.726236,0.563793,0.563793,-0.226528,1.442231,1.567311
207.498000,0.000000,0.087959,0.705508,0.705508,0.555605,0.555605,-0.194841,1.328967,1.494519
207.998000,0.000000,0.072515,0.649387,0.649387,0.705336,0.705336,0.005310,1.231547,1.423226
208.498000,0.000000,0.051415,0.660884,0.660884,0.712433,0.712433,-0.020457,1.234202,1.355177
208.998000,0.000000,0.086094,0.682628,0.682628,0.726785,0.726785,0.007853,1.223973,1.295147
209.498000,0.000000,0.123527,0.712398,0.712398,0.714761,0.714761,0.003101,1.227900,1.242019
209.998000,0.000000,0.092969,0.700035,0.700035,0.692002,0.692002,-0.038009,1.229450,1.211237
210.498000,0.000000,0.060647,0.704963,0.704963,0.693170,0.693170,-0.072191,1.210446,1.193007
210.998000,0.000000,0.046364,0.712822,0.712822,0.669436,0.669436,-0.114457,1.174350,1.182906
211.498000,0.000000,0.093867,0.729088,0.729088,0.781518,0.781518,0.034585,1.117122,1.161059
211.998000,0.000000,0.083451,0.727450,0.727450,0.781940,0.781940,0.024499,1.134414,1.124965
212.498000,0.000000,0.058470,0.730863,0.730863,0.754813,0.754813,-0.032247,1.146664,1.075757
212.998000,0.000000,0.016256,0.727669,0.727669,0.594854,0.594854,-0.229613,1.130540,1.006837
213.498000,0.000000,0.016913,0.721648,0.721648,0.500894,0.500894,-0.305413,1.015734,0.929228
213.998000,0.000000,0.019260,0.728815,0.728815,0.541440,0.541440,-0.254418,0.863027,0.844448
214.498000,0.000000,0.018182,0.788308,0.788308,0.452578,0.452578,-0.391131,0.735818,0.756589
214.998000,0.000000,0.052718,0.811074,0.811074,0.600587,0.600587,-0.211794,0.540253,0.659009
215.498000,0.000000,0.058028,0.820191,0.820191,0.589990,0.589990,-0.215608,0.434356,0.559823
215.998000,0.000000,0.070639,0.812288,0.812288,0.598270,0.598270,-0.176034,0.326551,0.460856
216.498000,0.000000,0.052512,0.767842,0.767842,0.579342,0.579342,-0.159842,0.238534,0.371344
216.998000,0.000000,0.075718,0.751556,0.751556,0.684084,0.684084,-0.007616,0.158614,0.293330
217.498000,0.000000,0.068914,0.756024,0.756024,0.674724,0.674724,-0.027868,0.154805,0.228496
217.998000,0.000000,0.058127,0.742326,0.742326,0.657771,0.657771,-0.040515,0.140872,0.184139
218.498000,0.000000,0.045595,0.731742,0.731742,0.622752,0.622752,-0.075456,0.120614,0.154093
218.998000,0.000000,0.067878,0.725862,0.725862,0.675455,0.675455,0.009183,0.082886,0.142274
219.498000,0.000000,0.109943,0.730132,0.730132,0.647345,0.647345,0.018409,0.087477,0.140942
219.998000,0.000000,0.103240,0.736810,0.736810,0.717666,0.717666,0.074428,0.096682,0.145923
220.498000,0.000000,0.106132,0.715669,0.715669,0.771855,0.771855,0.148928,0.133896,0.152423
220.998000,0.000000,0.066099,0.735764,0.735764,0.724215,0.724215,0.033713,0.208360,0.158973
221.498000,0.000000,0.095469,0.736947,0.736947,0.630416,0.630416,-0.033584,0.225217,0.168654
221.998000,0.000000,0.117773,0.759323,0.759323,0.685140,0.685140,0.022748,0.208425,0.177120
222.498000,0.000000,0.107322,0.755092,0.755092,0.642901,0.642901,-0.026848,0.219799,0.183486
222.998000,0.000000,0.078818,0.707800,0.707800,0.671724,0.671724,0.022104,0.206375,0.191936
223.498000,0.000000,0.032945,0.642936,0.642936,0.531972,0.531972,-0.099762,0.217427,0.203495
223.998000,0.000000,0.072261,0.678989,0.678989,0.590669,0.590669,-0.032814,0.167546,0.213693
224.498000,0.000000,0.151370,0.733247,0.733247,0.657066,0.657066,0.060075,0.151139,0.225989
224.998000,0.000000,0.209646,0.755539,0.755539,0.700628,0.700628,0.136617,0.181176,0.253556
225.498000,0.000000,0.194267,0.759950,0.759950,0.712344,0.712344,0.121712,0.249485,0.294067
225.998000,0.000000,0.151188,0.746463,0.746463,0.701988,0.701988,0.075679,0.310340,0.349816
226.498000,0.000000,0.277248,0.743409,0.743409,0.772813,0.772813,0.271834,0.348180,0.402466
226.998000,0.000000,0.255575,0.744538,0.744538,0.818987,0.818987,0.281614,0.484097,0.459886
227.498000,0.000000,0.224199,0.757045,0.757045,0.873255,0.873255,0.277919,0.624904,0.512841
227.998000,0.000000,0.044957,0.745708,0.745708,0.737270,0.737270,-0.039868,0.763863,0.551093
228.498000,0.000000,0.036194,0.716371,0.716371,0.750205,0.750205,-0.004366,0.743930,0.572895
228.998000,0.000000,0.016591,0.686555,0.686555,0.622016,0.622016,-0.122122,0.741747,0.588812
229.498000,0.000000,0.000000,0.706017,0.706017,0.540107,0.540107,-0.233979,0.680686,0.553994
229.998000,0.000000,0.000000,0.739253,0.739253,0.603234,0.603234,-0.192388,0.563696,0.505584
230.498000,0.000000,0.000000,0.739293,0.739293,0.790064,0.790064,0.004021,0.467502,0.443094
230.998000,0.000000,0.000000,0.307837,0.307837,0.999668,0.999668,0.644880,0.469513,0.366707
